Using cpu device
/opt/data/fightlab/.venv/lib/python3.13/site-packages/stable_baselines3/ppo/ppo.py:155: UserWarning: You have specified a mini-batch size of 8192, but because the `RolloutBuffer` is of size `n_steps * n_envs = 6144`, after every 0 untruncated mini-batches, there will be a truncated mini-batch of size 6144
We recommend using a `batch_size` that is a factor of `n_steps * n_envs`.
Info: (n_steps=1024 and n_envs=6)
  warnings.warn(
---------------------------------
| rollout/           |          |
|    ep_len_mean     | 44.3     |
|    ep_rew_mean     | 183      |
| time/              |          |
|    fps             | 645      |
|    iterations      | 1        |
|    time_elapsed    | 9        |
|    total_timesteps | 6144     |
---------------------------------
----------------------------------------
| rollout/                |            |
|    ep_len_mean          | 45         |
|    ep_rew_mean          | 183        |
| time/                   |            |
|    fps                  | 562        |
|    iterations           | 2          |
|    time_elapsed         | 21         |
|    total_timesteps      | 12288      |
| train/                  |            |
|    approx_kl            | 0.01306153 |
|    clip_fraction        | 0.1        |
|    clip_range           | 0.2        |
|    entropy_loss         | -24.1      |
|    explained_variance   | -0.00144   |
|    learning_rate        | 0.0003     |
|    loss                 | 1.17e+03   |
|    n_updates            | 10         |
|    policy_gradient_loss | -0.0261    |
|    std                  | 1          |
|    value_loss           | 2.38e+03   |
----------------------------------------
-----------------------------------------
| rollout/                |             |
|    ep_len_mean          | 45.7        |
|    ep_rew_mean          | 190         |
| time/                   |             |
|    fps                  | 515         |
|    iterations           | 3           |
|    time_elapsed         | 35          |
|    total_timesteps      | 18432       |
| train/                  |             |
|    approx_kl            | 0.008840423 |
|    clip_fraction        | 0.0324      |
|    clip_range           | 0.2         |
|    entropy_loss         | -24.1       |
|    explained_variance   | -0.00102    |
|    learning_rate        | 0.0003      |
|    loss                 | 1.14e+03    |
|    n_updates            | 20          |
|    policy_gradient_loss | -0.0156     |
|    std                  | 1           |
|    value_loss           | 2.32e+03    |
-----------------------------------------
------------------------------------------
| rollout/                |              |
|    ep_len_mean          | 45.6         |
|    ep_rew_mean          | 187          |
| time/                   |              |
|    fps                  | 426          |
|    iterations           | 4            |
|    time_elapsed         | 57           |
|    total_timesteps      | 24576        |
| train/                  |              |
|    approx_kl            | 0.0074912035 |
|    clip_fraction        | 0.0215       |
|    clip_range           | 0.2          |
|    entropy_loss         | -24.1        |
|    explained_variance   | -0.00215     |
|    learning_rate        | 0.0003       |
|    loss                 | 1.2e+03      |
|    n_updates            | 30           |
|    policy_gradient_loss | -0.013       |
|    std                  | 1            |
|    value_loss           | 2.45e+03     |
------------------------------------------
------------------------------------------
| rollout/                |              |
|    ep_len_mean          | 44.4         |
|    ep_rew_mean          | 187          |
| time/                   |              |
|    fps                  | 427          |
|    iterations           | 5            |
|    time_elapsed         | 71           |
|    total_timesteps      | 30720        |
| train/                  |              |
|    approx_kl            | 0.0071506575 |
|    clip_fraction        | 0.0208       |
|    clip_range           | 0.2          |
|    entropy_loss         | -24.1        |
|    explained_variance   | -0.0112      |
|    learning_rate        | 0.0003       |
|    loss                 | 1.12e+03     |
|    n_updates            | 40           |
|    policy_gradient_loss | -0.012       |
|    std                  | 1            |
|    value_loss           | 2.3e+03      |
------------------------------------------
-----------------------------------------
| rollout/                |             |
|    ep_len_mean          | 46.2        |
|    ep_rew_mean          | 191         |
| time/                   |             |
|    fps                  | 441         |
|    iterations           | 6           |
|    time_elapsed         | 83          |
|    total_timesteps      | 36864       |
| train/                  |             |
|    approx_kl            | 0.005796345 |
|    clip_fraction        | 0.0132      |
|    clip_range           | 0.2         |
|    entropy_loss         | -24.1       |
|    explained_variance   | -0.0163     |
|    learning_rate        | 0.0003      |
|    loss                 | 1.12e+03    |
|    n_updates            | 50          |
|    policy_gradient_loss | -0.0099     |
|    std                  | 1           |
|    value_loss           | 2.3e+03     |
-----------------------------------------
-----------------------------------------
| rollout/                |             |
|    ep_len_mean          | 48.8        |
|    ep_rew_mean          | 202         |
| time/                   |             |
|    fps                  | 447         |
|    iterations           | 7           |
|    time_elapsed         | 96          |
|    total_timesteps      | 43008       |
| train/                  |             |
|    approx_kl            | 0.004933316 |
|    clip_fraction        | 0.0108      |
|    clip_range           | 0.2         |
|    entropy_loss         | -24.1       |
|    explained_variance   | -0.0206     |
|    learning_rate        | 0.0003      |
|    loss                 | 1.1e+03     |
|    n_updates            | 60          |
|    policy_gradient_loss | -0.00908    |
|    std                  | 1           |
|    value_loss           | 2.28e+03    |
-----------------------------------------
-----------------------------------------
| rollout/                |             |
|    ep_len_mean          | 47.4        |
|    ep_rew_mean          | 200         |
| time/                   |             |
|    fps                  | 452         |
|    iterations           | 8           |
|    time_elapsed         | 108         |
|    total_timesteps      | 49152       |
| train/                  |             |
|    approx_kl            | 0.004075091 |
|    clip_fraction        | 0.00571     |
|    clip_range           | 0.2         |
|    entropy_loss         | -24.1       |
|    explained_variance   | -0.0175     |
|    learning_rate        | 0.0003      |
|    loss                 | 1.08e+03    |
|    n_updates            | 70          |
|    policy_gradient_loss | -0.00821    |
|    std                  | 1           |
|    value_loss           | 2.24e+03    |
-----------------------------------------
----------------------------------------
| rollout/                |            |
|    ep_len_mean          | 49.4       |
|    ep_rew_mean          | 207        |
| time/                   |            |
|    fps                  | 457        |
|    iterations           | 9          |
|    time_elapsed         | 120        |
|    total_timesteps      | 55296      |
| train/                  |            |
|    approx_kl            | 0.00328153 |
|    clip_fraction        | 0.00337    |
|    clip_range           | 0.2        |
|    entropy_loss         | -24.1      |
|    explained_variance   | -0.00271   |
|    learning_rate        | 0.0003     |
|    loss                 | 1.1e+03    |
|    n_updates            | 80         |
|    policy_gradient_loss | -0.00726   |
|    std                  | 1          |
|    value_loss           | 2.29e+03   |
----------------------------------------
------------------------------------------
| rollout/                |              |
|    ep_len_mean          | 47           |
|    ep_rew_mean          | 198          |
| time/                   |              |
|    fps                  | 461          |
|    iterations           | 10           |
|    time_elapsed         | 133          |
|    total_timesteps      | 61440        |
| train/                  |              |
|    approx_kl            | 0.0027794272 |
|    clip_fraction        | 0.00212      |
|    clip_range           | 0.2          |
|    entropy_loss         | -24.1        |
|    explained_variance   | 0.00582      |
|    learning_rate        | 0.0003       |
|    loss                 | 1.1e+03      |
|    n_updates            | 90           |
|    policy_gradient_loss | -0.00653     |
|    std                  | 1            |
|    value_loss           | 2.27e+03     |
------------------------------------------
------------------------------------------
| rollout/                |              |
|    ep_len_mean          | 48.1         |
|    ep_rew_mean          | 206          |
| time/                   |              |
|    fps                  | 464          |
|    iterations           | 11           |
|    time_elapsed         | 145          |
|    total_timesteps      | 67584        |
| train/                  |              |
|    approx_kl            | 0.0024442591 |
|    clip_fraction        | 0.00148      |
|    clip_range           | 0.2          |
|    entropy_loss         | -24.1        |
|    explained_variance   | 0.014        |
|    learning_rate        | 0.0003       |
|    loss                 | 1.07e+03     |
|    n_updates            | 100          |
|    policy_gradient_loss | -0.00648     |
|    std                  | 1            |
|    value_loss           | 2.21e+03     |
------------------------------------------
------------------------------------------
| rollout/                |              |
|    ep_len_mean          | 51           |
|    ep_rew_mean          | 217          |
| time/                   |              |
|    fps                  | 468          |
|    iterations           | 12           |
|    time_elapsed         | 157          |
|    total_timesteps      | 73728        |
| train/                  |              |
|    approx_kl            | 0.0030542247 |
|    clip_fraction        | 0.00371      |
|    clip_range           | 0.2          |
|    entropy_loss         | -24.1        |
|    explained_variance   | 0.022        |
|    learning_rate        | 0.0003       |
|    loss                 | 1.08e+03     |
|    n_updates            | 110          |
|    policy_gradient_loss | -0.00739     |
|    std                  | 1            |
|    value_loss           | 2.22e+03     |
------------------------------------------
------------------------------------------
| rollout/                |              |
|    ep_len_mean          | 52.8         |
|    ep_rew_mean          | 224          |
| time/                   |              |
|    fps                  | 464          |
|    iterations           | 13           |
|    time_elapsed         | 171          |
|    total_timesteps      | 79872        |
| train/                  |              |
|    approx_kl            | 0.0027946478 |
|    clip_fraction        | 0.0026       |
|    clip_range           | 0.2          |
|    entropy_loss         | -24.1        |
|    explained_variance   | 0.0371       |
|    learning_rate        | 0.0003       |
|    loss                 | 1.12e+03     |
|    n_updates            | 120          |
|    policy_gradient_loss | -0.00667     |
|    std                  | 1            |
|    value_loss           | 2.31e+03     |
------------------------------------------
------------------------------------------
| rollout/                |              |
|    ep_len_mean          | 52           |
|    ep_rew_mean          | 222          |
| time/                   |              |
|    fps                  | 468          |
|    iterations           | 14           |
|    time_elapsed         | 183          |
|    total_timesteps      | 86016        |
| train/                  |              |
|    approx_kl            | 0.0023491469 |
|    clip_fraction        | 0.00129      |
|    clip_range           | 0.2          |
|    entropy_loss         | -24.1        |
|    explained_variance   | 0.0341       |
|    learning_rate        | 0.0003       |
|    loss                 | 1.12e+03     |
|    n_updates            | 130          |
|    policy_gradient_loss | -0.00623     |
|    std                  | 1            |
|    value_loss           | 2.3e+03      |
------------------------------------------
------------------------------------------
| rollout/                |              |
|    ep_len_mean          | 52.7         |
|    ep_rew_mean          | 225          |
| time/                   |              |
|    fps                  | 474          |
|    iterations           | 15           |
|    time_elapsed         | 194          |
|    total_timesteps      | 92160        |
| train/                  |              |
|    approx_kl            | 0.0022233606 |
|    clip_fraction        | 0.00119      |
|    clip_range           | 0.2          |
|    entropy_loss         | -24.1        |
|    explained_variance   | 0.0383       |
|    learning_rate        | 0.0003       |
|    loss                 | 1.12e+03     |
|    n_updates            | 140          |
|    policy_gradient_loss | -0.00619     |
|    std                  | 0.999        |
|    value_loss           | 2.28e+03     |
------------------------------------------
------------------------------------------
| rollout/                |              |
|    ep_len_mean          | 50.9         |
|    ep_rew_mean          | 216          |
| time/                   |              |
|    fps                  | 479          |
|    iterations           | 16           |
|    time_elapsed         | 204          |
|    total_timesteps      | 98304        |
| train/                  |              |
|    approx_kl            | 0.0021085723 |
|    clip_fraction        | 0.00104      |
|    clip_range           | 0.2          |
|    entropy_loss         | -24.1        |
|    explained_variance   | 0.0372       |
|    learning_rate        | 0.0003       |
|    loss                 | 1.12e+03     |
|    n_updates            | 150          |
|    policy_gradient_loss | -0.00607     |
|    std                  | 0.999        |
|    value_loss           | 2.29e+03     |
------------------------------------------
------------------------------------------
| rollout/                |              |
|    ep_len_mean          | 54           |
|    ep_rew_mean          | 231          |
| time/                   |              |
|    fps                  | 483          |
|    iterations           | 17           |
|    time_elapsed         | 216          |
|    total_timesteps      | 104448       |
| train/                  |              |
|    approx_kl            | 0.0021036884 |
|    clip_fraction        | 0.000781     |
|    clip_range           | 0.2          |
|    entropy_loss         | -24.1        |
|    explained_variance   | 0.0344       |
|    learning_rate        | 0.0003       |
|    loss                 | 1.07e+03     |
|    n_updates            | 160          |
|    policy_gradient_loss | -0.00625     |
|    std                  | 0.999        |
|    value_loss           | 2.18e+03     |
------------------------------------------
------------------------------------------
| rollout/                |              |
|    ep_len_mean          | 51.1         |
|    ep_rew_mean          | 219          |
| time/                   |              |
|    fps                  | 486          |
|    iterations           | 18           |
|    time_elapsed         | 227          |
|    total_timesteps      | 110592       |
| train/                  |              |
|    approx_kl            | 0.0022948892 |
|    clip_fraction        | 0.000895     |
|    clip_range           | 0.2          |
|    entropy_loss         | -24.1        |
|    explained_variance   | 0.0318       |
|    learning_rate        | 0.0003       |
|    loss                 | 1.13e+03     |
|    n_updates            | 170          |
|    policy_gradient_loss | -0.00642     |
|    std                  | 0.999        |
|    value_loss           | 2.3e+03      |
------------------------------------------
------------------------------------------
| rollout/                |              |
|    ep_len_mean          | 50.4         |
|    ep_rew_mean          | 219          |
| time/                   |              |
|    fps                  | 491          |
|    iterations           | 19           |
|    time_elapsed         | 237          |
|    total_timesteps      | 116736       |
| train/                  |              |
|    approx_kl            | 0.0029081337 |
|    clip_fraction        | 0.00269      |
|    clip_range           | 0.2          |
|    entropy_loss         | -24.1        |
|    explained_variance   | 0.0238       |
|    learning_rate        | 0.0003       |
|    loss                 | 1.11e+03     |
|    n_updates            | 180          |
|    policy_gradient_loss | -0.0068      |
|    std                  | 0.999        |
|    value_loss           | 2.25e+03     |
------------------------------------------
------------------------------------------
| rollout/                |              |
|    ep_len_mean          | 52.9         |
|    ep_rew_mean          | 227          |
| time/                   |              |
|    fps                  | 495          |
|    iterations           | 20           |
|    time_elapsed         | 248          |
|    total_timesteps      | 122880       |
| train/                  |              |
|    approx_kl            | 0.0028089015 |
|    clip_fraction        | 0.00179      |
|    clip_range           | 0.2          |
|    entropy_loss         | -24.1        |
|    explained_variance   | 0.0327       |
|    learning_rate        | 0.0003       |
|    loss                 | 1.11e+03     |
|    n_updates            | 190          |
|    policy_gradient_loss | -0.00696     |
|    std                  | 0.999        |
|    value_loss           | 2.26e+03     |
------------------------------------------
------------------------------------------
| rollout/                |              |
|    ep_len_mean          | 54           |
|    ep_rew_mean          | 230          |
| time/                   |              |
|    fps                  | 499          |
|    iterations           | 21           |
|    time_elapsed         | 258          |
|    total_timesteps      | 129024       |
| train/                  |              |
|    approx_kl            | 0.0029035036 |
|    clip_fraction        | 0.00216      |
|    clip_range           | 0.2          |
|    entropy_loss         | -24.1        |
|    explained_variance   | 0.0262       |
|    learning_rate        | 0.0003       |
|    loss                 | 1.09e+03     |
|    n_updates            | 200          |
|    policy_gradient_loss | -0.0068      |
|    std                  | 0.999        |
|    value_loss           | 2.21e+03     |
------------------------------------------
------------------------------------------
| rollout/                |              |
|    ep_len_mean          | 51           |
|    ep_rew_mean          | 219          |
| time/                   |              |
|    fps                  | 502          |
|    iterations           | 22           |
|    time_elapsed         | 268          |
|    total_timesteps      | 135168       |
| train/                  |              |
|    approx_kl            | 0.0032064042 |
|    clip_fraction        | 0.00309      |
|    clip_range           | 0.2          |
|    entropy_loss         | -24.1        |
|    explained_variance   | 0.0317       |
|    learning_rate        | 0.0003       |
|    loss                 | 1.09e+03     |
|    n_updates            | 210          |
|    policy_gradient_loss | -0.00742     |
|    std                  | 0.999        |
|    value_loss           | 2.21e+03     |
------------------------------------------
------------------------------------------
| rollout/                |              |
|    ep_len_mean          | 56           |
|    ep_rew_mean          | 245          |
| time/                   |              |
|    fps                  | 504          |
|    iterations           | 23           |
|    time_elapsed         | 279          |
|    total_timesteps      | 141312       |
| train/                  |              |
|    approx_kl            | 0.0030900652 |
|    clip_fraction        | 0.00288      |
|    clip_range           | 0.2          |
|    entropy_loss         | -24.1        |
|    explained_variance   | 0.0292       |
|    learning_rate        | 0.0003       |
|    loss                 | 1.07e+03     |
|    n_updates            | 220          |
|    policy_gradient_loss | -0.00773     |
|    std                  | 0.999        |
|    value_loss           | 2.17e+03     |
------------------------------------------
------------------------------------------
| rollout/                |              |
|    ep_len_mean          | 53.6         |
|    ep_rew_mean          | 233          |
| time/                   |              |
|    fps                  | 503          |
|    iterations           | 24           |
|    time_elapsed         | 293          |
|    total_timesteps      | 147456       |
| train/                  |              |
|    approx_kl            | 0.0024928027 |
|    clip_fraction        | 0.00132      |
|    clip_range           | 0.2          |
|    entropy_loss         | -24.1        |
|    explained_variance   | 0.0255       |
|    learning_rate        | 0.0003       |
|    loss                 | 1.19e+03     |
|    n_updates            | 230          |
|    policy_gradient_loss | -0.00624     |
|    std                  | 0.999        |
|    value_loss           | 2.41e+03     |
------------------------------------------
------------------------------------------
| rollout/                |              |
|    ep_len_mean          | 52.8         |
|    ep_rew_mean          | 228          |
| time/                   |              |
|    fps                  | 507          |
|    iterations           | 25           |
|    time_elapsed         | 302          |
|    total_timesteps      | 153600       |
| train/                  |              |
|    approx_kl            | 0.0020848506 |
|    clip_fraction        | 0.000667     |
|    clip_range           | 0.2          |
|    entropy_loss         | -24.1        |
|    explained_variance   | 0.026        |
|    learning_rate        | 0.0003       |
|    loss                 | 1.12e+03     |
|    n_updates            | 240          |
|    policy_gradient_loss | -0.00636     |
|    std                  | 0.999        |
|    value_loss           | 2.27e+03     |
------------------------------------------
------------------------------------------
| rollout/                |              |
|    ep_len_mean          | 54.8         |
|    ep_rew_mean          | 235          |
| time/                   |              |
|    fps                  | 508          |
|    iterations           | 26           |
|    time_elapsed         | 314          |
|    total_timesteps      | 159744       |
| train/                  |              |
|    approx_kl            | 0.0020958378 |
|    clip_fraction        | 0.000781     |
|    clip_range           | 0.2          |
|    entropy_loss         | -24.1        |
|    explained_variance   | 0.0171       |
|    learning_rate        | 0.0003       |
|    loss                 | 1.06e+03     |
|    n_updates            | 250          |
|    policy_gradient_loss | -0.00644     |
|    std                  | 0.999        |
|    value_loss           | 2.15e+03     |
------------------------------------------
------------------------------------------
| rollout/                |              |
|    ep_len_mean          | 54.8         |
|    ep_rew_mean          | 240          |
| time/                   |              |
|    fps                  | 509          |
|    iterations           | 27           |
|    time_elapsed         | 325          |
|    total_timesteps      | 165888       |
| train/                  |              |
|    approx_kl            | 0.0034481212 |
|    clip_fraction        | 0.00378      |
|    clip_range           | 0.2          |
|    entropy_loss         | -24.1        |
|    explained_variance   | 0.0282       |
|    learning_rate        | 0.0003       |
|    loss                 | 1.07e+03     |
|    n_updates            | 260          |
|    policy_gradient_loss | -0.00848     |
|    std                  | 0.999        |
|    value_loss           | 2.17e+03     |
------------------------------------------
------------------------------------------
| rollout/                |              |
|    ep_len_mean          | 61.5         |
|    ep_rew_mean          | 274          |
| time/                   |              |
|    fps                  | 512          |
|    iterations           | 28           |
|    time_elapsed         | 335          |
|    total_timesteps      | 172032       |
| train/                  |              |
|    approx_kl            | 0.0036096263 |
|    clip_fraction        | 0.00467      |
|    clip_range           | 0.2          |
|    entropy_loss         | -24.1        |
|    explained_variance   | 0.0242       |
|    learning_rate        | 0.0003       |
|    loss                 | 1.14e+03     |
|    n_updates            | 270          |
|    policy_gradient_loss | -0.00779     |
|    std                  | 0.999        |
|    value_loss           | 2.3e+03      |
------------------------------------------
------------------------------------------
| rollout/                |              |
|    ep_len_mean          | 57.1         |
|    ep_rew_mean          | 252          |
| time/                   |              |
|    fps                  | 509          |
|    iterations           | 29           |
|    time_elapsed         | 349          |
|    total_timesteps      | 178176       |
| train/                  |              |
|    approx_kl            | 0.0023923449 |
|    clip_fraction        | 0.00155      |
|    clip_range           | 0.2          |
|    entropy_loss         | -24.1        |
|    explained_variance   | 0.0292       |
|    learning_rate        | 0.0003       |
|    loss                 | 1.27e+03     |
|    n_updates            | 280          |
|    policy_gradient_loss | -0.00579     |
|    std                  | 0.999        |
|    value_loss           | 2.57e+03     |
------------------------------------------
------------------------------------------
| rollout/                |              |
|    ep_len_mean          | 58.3         |
|    ep_rew_mean          | 260          |
| time/                   |              |
|    fps                  | 510          |
|    iterations           | 30           |
|    time_elapsed         | 361          |
|    total_timesteps      | 184320       |
| train/                  |              |
|    approx_kl            | 0.0029121034 |
|    clip_fraction        | 0.00221      |
|    clip_range           | 0.2          |
|    entropy_loss         | -24.1        |
|    explained_variance   | 0.0293       |
|    learning_rate        | 0.0003       |
|    loss                 | 1.17e+03     |
|    n_updates            | 290          |
|    policy_gradient_loss | -0.00786     |
|    std                  | 0.999        |
|    value_loss           | 2.38e+03     |
------------------------------------------
-----------------------------------------
| rollout/                |             |
|    ep_len_mean          | 59.3        |
|    ep_rew_mean          | 264         |
| time/                   |             |
|    fps                  | 511         |
|    iterations           | 31          |
|    time_elapsed         | 372         |
|    total_timesteps      | 190464      |
| train/                  |             |
|    approx_kl            | 0.004010739 |
|    clip_fraction        | 0.00599     |
|    clip_range           | 0.2         |
|    entropy_loss         | -24.1       |
|    explained_variance   | 0.0202      |
|    learning_rate        | 0.0003      |
|    loss                 | 1.21e+03    |
|    n_updates            | 300         |
|    policy_gradient_loss | -0.00882    |
|    std                  | 0.999       |
|    value_loss           | 2.45e+03    |
-----------------------------------------
------------------------------------------
| rollout/                |              |
|    ep_len_mean          | 55.5         |
|    ep_rew_mean          | 247          |
| time/                   |              |
|    fps                  | 512          |
|    iterations           | 32           |
|    time_elapsed         | 383          |
|    total_timesteps      | 196608       |
| train/                  |              |
|    approx_kl            | 0.0034251288 |
|    clip_fraction        | 0.00469      |
|    clip_range           | 0.2          |
|    entropy_loss         | -24.1        |
|    explained_variance   | 0.022        |
|    learning_rate        | 0.0003       |
|    loss                 | 1.21e+03     |
|    n_updates            | 310          |
|    policy_gradient_loss | -0.00748     |
|    std                  | 0.999        |
|    value_loss           | 2.45e+03     |
------------------------------------------
------------------------------------------
| rollout/                |              |
|    ep_len_mean          | 58.2         |
|    ep_rew_mean          | 258          |
| time/                   |              |
|    fps                  | 512          |
|    iterations           | 33           |
|    time_elapsed         | 395          |
|    total_timesteps      | 202752       |
| train/                  |              |
|    approx_kl            | 0.0029248195 |
|    clip_fraction        | 0.00203      |
|    clip_range           | 0.2          |
|    entropy_loss         | -24.1        |
|    explained_variance   | 0.0174       |
|    learning_rate        | 0.0003       |
|    loss                 | 1.14e+03     |
|    n_updates            | 320          |
|    policy_gradient_loss | -0.0078      |
|    std                  | 0.999        |
|    value_loss           | 2.31e+03     |
------------------------------------------
-----------------------------------------
| rollout/                |             |
|    ep_len_mean          | 60.4        |
|    ep_rew_mean          | 269         |
| time/                   |             |
|    fps                  | 510         |
|    iterations           | 34          |
|    time_elapsed         | 409         |
|    total_timesteps      | 208896      |
| train/                  |             |
|    approx_kl            | 0.003543215 |
|    clip_fraction        | 0.00492     |
|    clip_range           | 0.2         |
|    entropy_loss         | -24.1       |
|    explained_variance   | 0.0177      |
|    learning_rate        | 0.0003      |
|    loss                 | 1.15e+03    |
|    n_updates            | 330         |
|    policy_gradient_loss | -0.00795    |
|    std                  | 0.999       |
|    value_loss           | 2.32e+03    |
-----------------------------------------
----------------------------------------
| rollout/                |            |
|    ep_len_mean          | 61.8       |
|    ep_rew_mean          | 279        |
| time/                   |            |
|    fps                  | 511        |
|    iterations           | 35         |
|    time_elapsed         | 420        |
|    total_timesteps      | 215040     |
| train/                  |            |
|    approx_kl            | 0.00347031 |
|    clip_fraction        | 0.00428    |
|    clip_range           | 0.2        |
|    entropy_loss         | -24.1      |
|    explained_variance   | 0.0119     |
|    learning_rate        | 0.0003     |
|    loss                 | 1.22e+03   |
|    n_updates            | 340        |
|    policy_gradient_loss | -0.0078    |
|    std                  | 0.998      |
|    value_loss           | 2.46e+03   |
----------------------------------------
------------------------------------------
| rollout/                |              |
|    ep_len_mean          | 62.4         |
|    ep_rew_mean          | 283          |
| time/                   |              |
|    fps                  | 513          |
|    iterations           | 36           |
|    time_elapsed         | 431          |
|    total_timesteps      | 221184       |
| train/                  |              |
|    approx_kl            | 0.0034159168 |
|    clip_fraction        | 0.00358      |
|    clip_range           | 0.2          |
|    entropy_loss         | -24.1        |
|    explained_variance   | 0.0192       |
|    learning_rate        | 0.0003       |
|    loss                 | 1.23e+03     |
|    n_updates            | 350          |
|    policy_gradient_loss | -0.00821     |
|    std                  | 0.998        |
|    value_loss           | 2.48e+03     |
------------------------------------------
------------------------------------------
| rollout/                |              |
|    ep_len_mean          | 60.9         |
|    ep_rew_mean          | 269          |
| time/                   |              |
|    fps                  | 512          |
|    iterations           | 37           |
|    time_elapsed         | 443          |
|    total_timesteps      | 227328       |
| train/                  |              |
|    approx_kl            | 0.0032184292 |
|    clip_fraction        | 0.00306      |
|    clip_range           | 0.2          |
|    entropy_loss         | -24.1        |
|    explained_variance   | 0.0151       |
|    learning_rate        | 0.0003       |
|    loss                 | 1.28e+03     |
|    n_updates            | 360          |
|    policy_gradient_loss | -0.0072      |
|    std                  | 0.998        |
|    value_loss           | 2.59e+03     |
------------------------------------------
------------------------------------------
| rollout/                |              |
|    ep_len_mean          | 61.7         |
|    ep_rew_mean          | 284          |
| time/                   |              |
|    fps                  | 512          |
|    iterations           | 38           |
|    time_elapsed         | 455          |
|    total_timesteps      | 233472       |
| train/                  |              |
|    approx_kl            | 0.0032002472 |
|    clip_fraction        | 0.00332      |
|    clip_range           | 0.2          |
|    entropy_loss         | -24.1        |
|    explained_variance   | 0.0174       |
|    learning_rate        | 0.0003       |
|    loss                 | 1.15e+03     |
|    n_updates            | 370          |
|    policy_gradient_loss | -0.00811     |
|    std                  | 0.999        |
|    value_loss           | 2.33e+03     |
------------------------------------------
------------------------------------------
| rollout/                |              |
|    ep_len_mean          | 62.2         |
|    ep_rew_mean          | 278          |
| time/                   |              |
|    fps                  | 512          |
|    iterations           | 39           |
|    time_elapsed         | 467          |
|    total_timesteps      | 239616       |
| train/                  |              |
|    approx_kl            | 0.0026951134 |
|    clip_fraction        | 0.00218      |
|    clip_range           | 0.2          |
|    entropy_loss         | -24.1        |
|    explained_variance   | 0.0202       |
|    learning_rate        | 0.0003       |
|    loss                 | 1.28e+03     |
|    n_updates            | 380          |
|    policy_gradient_loss | -0.00712     |
|    std                  | 0.999        |
|    value_loss           | 2.58e+03     |
------------------------------------------
-----------------------------------------
| rollout/                |             |
|    ep_len_mean          | 63.1        |
|    ep_rew_mean          | 291         |
| time/                   |             |
|    fps                  | 513         |
|    iterations           | 40          |
|    time_elapsed         | 478         |
|    total_timesteps      | 245760      |
| train/                  |             |
|    approx_kl            | 0.002909961 |
|    clip_fraction        | 0.00262     |
|    clip_range           | 0.2         |
|    entropy_loss         | -24.1       |
|    explained_variance   | 0.0191      |
|    learning_rate        | 0.0003      |
|    loss                 | 1.21e+03    |
|    n_updates            | 390         |
|    policy_gradient_loss | -0.00759    |
|    std                  | 0.999       |
|    value_loss           | 2.45e+03    |
-----------------------------------------
------------------------------------------
| rollout/                |              |
|    ep_len_mean          | 60.4         |
|    ep_rew_mean          | 272          |
| time/                   |              |
|    fps                  | 513          |
|    iterations           | 41           |
|    time_elapsed         | 490          |
|    total_timesteps      | 251904       |
| train/                  |              |
|    approx_kl            | 0.0035659184 |
|    clip_fraction        | 0.00435      |
|    clip_range           | 0.2          |
|    entropy_loss         | -24.1        |
|    explained_variance   | 0.00704      |
|    learning_rate        | 0.0003       |
|    loss                 | 1.28e+03     |
|    n_updates            | 400          |
|    policy_gradient_loss | -0.00859     |
|    std                  | 0.999        |
|    value_loss           | 2.59e+03     |
------------------------------------------
------------------------------------------
| rollout/                |              |
|    ep_len_mean          | 63.3         |
|    ep_rew_mean          | 287          |
| time/                   |              |
|    fps                  | 512          |
|    iterations           | 42           |
|    time_elapsed         | 503          |
|    total_timesteps      | 258048       |
| train/                  |              |
|    approx_kl            | 0.0032364968 |
|    clip_fraction        | 0.00382      |
|    clip_range           | 0.2          |
|    entropy_loss         | -24.1        |
|    explained_variance   | 0.0207       |
|    learning_rate        | 0.0003       |
|    loss                 | 1.2e+03      |
|    n_updates            | 410          |
|    policy_gradient_loss | -0.00765     |
|    std                  | 0.999        |
|    value_loss           | 2.42e+03     |
------------------------------------------
------------------------------------------
| rollout/                |              |
|    ep_len_mean          | 61.3         |
|    ep_rew_mean          | 281          |
| time/                   |              |
|    fps                  | 512          |
|    iterations           | 43           |
|    time_elapsed         | 515          |
|    total_timesteps      | 264192       |
| train/                  |              |
|    approx_kl            | 0.0030098513 |
|    clip_fraction        | 0.00269      |
|    clip_range           | 0.2          |
|    entropy_loss         | -24.1        |
|    explained_variance   | 0.0202       |
|    learning_rate        | 0.0003       |
|    loss                 | 1.25e+03     |
|    n_updates            | 420          |
|    policy_gradient_loss | -0.00821     |
|    std                  | 0.999        |
|    value_loss           | 2.54e+03     |
------------------------------------------
------------------------------------------
| rollout/                |              |
|    ep_len_mean          | 60.9         |
|    ep_rew_mean          | 282          |
| time/                   |              |
|    fps                  | 510          |
|    iterations           | 44           |
|    time_elapsed         | 529          |
|    total_timesteps      | 270336       |
| train/                  |              |
|    approx_kl            | 0.0034676297 |
|    clip_fraction        | 0.00373      |
|    clip_range           | 0.2          |
|    entropy_loss         | -24.1        |
|    explained_variance   | 0.0151       |
|    learning_rate        | 0.0003       |
|    loss                 | 1.21e+03     |
|    n_updates            | 430          |
|    policy_gradient_loss | -0.00886     |
|    std                  | 0.999        |
|    value_loss           | 2.45e+03     |
------------------------------------------
------------------------------------------
| rollout/                |              |
|    ep_len_mean          | 62.3         |
|    ep_rew_mean          | 285          |
| time/                   |              |
|    fps                  | 511          |
|    iterations           | 45           |
|    time_elapsed         | 540          |
|    total_timesteps      | 276480       |
| train/                  |              |
|    approx_kl            | 0.0047872174 |
|    clip_fraction        | 0.00915      |
|    clip_range           | 0.2          |
|    entropy_loss         | -24.1        |
|    explained_variance   | 0.0248       |
|    learning_rate        | 0.0003       |
|    loss                 | 1.23e+03     |
|    n_updates            | 440          |
|    policy_gradient_loss | -0.00974     |
|    std                  | 0.999        |
|    value_loss           | 2.49e+03     |
------------------------------------------
-----------------------------------------
| rollout/                |             |
|    ep_len_mean          | 61.9        |
|    ep_rew_mean          | 286         |
| time/                   |             |
|    fps                  | 511         |
|    iterations           | 46          |
|    time_elapsed         | 552         |
|    total_timesteps      | 282624      |
| train/                  |             |
|    approx_kl            | 0.004672759 |
|    clip_fraction        | 0.00843     |
|    clip_range           | 0.2         |
|    entropy_loss         | -24.1       |
|    explained_variance   | 0.017       |
|    learning_rate        | 0.0003      |
|    loss                 | 1.21e+03    |
|    n_updates            | 450         |
|    policy_gradient_loss | -0.00907    |
|    std                  | 0.999       |
|    value_loss           | 2.45e+03    |
-----------------------------------------
-----------------------------------------
| rollout/                |             |
|    ep_len_mean          | 63.5        |
|    ep_rew_mean          | 292         |
| time/                   |             |
|    fps                  | 511         |
|    iterations           | 47          |
|    time_elapsed         | 564         |
|    total_timesteps      | 288768      |
| train/                  |             |
|    approx_kl            | 0.003895141 |
|    clip_fraction        | 0.00535     |
|    clip_range           | 0.2         |
|    entropy_loss         | -24.1       |
|    explained_variance   | 0.0121      |
|    learning_rate        | 0.0003      |
|    loss                 | 1.24e+03    |
|    n_updates            | 460         |
|    policy_gradient_loss | -0.00886    |
|    std                  | 0.999       |
|    value_loss           | 2.51e+03    |
-----------------------------------------
-----------------------------------------
| rollout/                |             |
|    ep_len_mean          | 62.4        |
|    ep_rew_mean          | 287         |
| time/                   |             |
|    fps                  | 511         |
|    iterations           | 48          |
|    time_elapsed         | 576         |
|    total_timesteps      | 294912      |
| train/                  |             |
|    approx_kl            | 0.004415076 |
|    clip_fraction        | 0.00675     |
|    clip_range           | 0.2         |
|    entropy_loss         | -24.1       |
|    explained_variance   | 0.0105      |
|    learning_rate        | 0.0003      |
|    loss                 | 1.23e+03    |
|    n_updates            | 470         |
|    policy_gradient_loss | -0.00961    |
|    std                  | 0.999       |
|    value_loss           | 2.5e+03     |
-----------------------------------------
------------------------------------------
| rollout/                |              |
|    ep_len_mean          | 64.1         |
|    ep_rew_mean          | 299          |
| time/                   |              |
|    fps                  | 512          |
|    iterations           | 49           |
|    time_elapsed         | 587          |
|    total_timesteps      | 301056       |
| train/                  |              |
|    approx_kl            | 0.0048261546 |
|    clip_fraction        | 0.00952      |
|    clip_range           | 0.2          |
|    entropy_loss         | -24.1        |
|    explained_variance   | 0.016        |
|    learning_rate        | 0.0003       |
|    loss                 | 1.22e+03     |
|    n_updates            | 480          |
|    policy_gradient_loss | -0.00932     |
|    std                  | 0.999        |
|    value_loss           | 2.47e+03     |
------------------------------------------
------------------------------------------
| rollout/                |              |
|    ep_len_mean          | 63.1         |
|    ep_rew_mean          | 290          |
| time/                   |              |
|    fps                  | 513          |
|    iterations           | 50           |
|    time_elapsed         | 598          |
|    total_timesteps      | 307200       |
| train/                  |              |
|    approx_kl            | 0.0040504886 |
|    clip_fraction        | 0.00633      |
|    clip_range           | 0.2          |
|    entropy_loss         | -24.1        |
|    explained_variance   | 0.0092       |
|    learning_rate        | 0.0003       |
|    loss                 | 1.27e+03     |
|    n_updates            | 490          |
|    policy_gradient_loss | -0.00906     |
|    std                  | 0.999        |
|    value_loss           | 2.58e+03     |
------------------------------------------
-----------------------------------------
| rollout/                |             |
|    ep_len_mean          | 64.1        |
|    ep_rew_mean          | 295         |
| time/                   |             |
|    fps                  | 513         |
|    iterations           | 51          |
|    time_elapsed         | 609         |
|    total_timesteps      | 313344      |
| train/                  |             |
|    approx_kl            | 0.004866242 |
|    clip_fraction        | 0.0099      |
|    clip_range           | 0.2         |
|    entropy_loss         | -24.1       |
|    explained_variance   | 0.0119      |
|    learning_rate        | 0.0003      |
|    loss                 | 1.2e+03     |
|    n_updates            | 500         |
|    policy_gradient_loss | -0.00959    |
|    std                  | 0.998       |
|    value_loss           | 2.43e+03    |
-----------------------------------------
-----------------------------------------
| rollout/                |             |
|    ep_len_mean          | 65.4        |
|    ep_rew_mean          | 305         |
| time/                   |             |
|    fps                  | 512         |
|    iterations           | 52          |
|    time_elapsed         | 623         |
|    total_timesteps      | 319488      |
| train/                  |             |
|    approx_kl            | 0.004135764 |
|    clip_fraction        | 0.00622     |
|    clip_range           | 0.2         |
|    entropy_loss         | -24.1       |
|    explained_variance   | 0.0151      |
|    learning_rate        | 0.0003      |
|    loss                 | 1.23e+03    |
|    n_updates            | 510         |
|    policy_gradient_loss | -0.00875    |
|    std                  | 0.998       |
|    value_loss           | 2.49e+03    |
-----------------------------------------
------------------------------------------
| rollout/                |              |
|    ep_len_mean          | 64.7         |
|    ep_rew_mean          | 301          |
| time/                   |              |
|    fps                  | 512          |
|    iterations           | 53           |
|    time_elapsed         | 635          |
|    total_timesteps      | 325632       |
| train/                  |              |
|    approx_kl            | 0.0040055118 |
|    clip_fraction        | 0.00667      |
|    clip_range           | 0.2          |
|    entropy_loss         | -24.1        |
|    explained_variance   | 0.0181       |
|    learning_rate        | 0.0003       |
|    loss                 | 1.26e+03     |
|    n_updates            | 520          |
|    policy_gradient_loss | -0.00882     |
|    std                  | 0.998        |
|    value_loss           | 2.54e+03     |
------------------------------------------
------------------------------------------
| rollout/                |              |
|    ep_len_mean          | 63.8         |
|    ep_rew_mean          | 296          |
| time/                   |              |
|    fps                  | 509          |
|    iterations           | 54           |
|    time_elapsed         | 651          |
|    total_timesteps      | 331776       |
| train/                  |              |
|    approx_kl            | 0.0041128485 |
|    clip_fraction        | 0.00544      |
|    clip_range           | 0.2          |
|    entropy_loss         | -24.1        |
|    explained_variance   | 0.0141       |
|    learning_rate        | 0.0003       |
|    loss                 | 1.25e+03     |
|    n_updates            | 530          |
|    policy_gradient_loss | -0.00944     |
|    std                  | 0.998        |
|    value_loss           | 2.53e+03     |
------------------------------------------
-----------------------------------------
| rollout/                |             |
|    ep_len_mean          | 62.9        |
|    ep_rew_mean          | 295         |
| time/                   |             |
|    fps                  | 509         |
|    iterations           | 55          |
|    time_elapsed         | 663         |
|    total_timesteps      | 337920      |
| train/                  |             |
|    approx_kl            | 0.004630083 |
|    clip_fraction        | 0.0084      |
|    clip_range           | 0.2         |
|    entropy_loss         | -24.1       |
|    explained_variance   | 0.0262      |
|    learning_rate        | 0.0003      |
|    loss                 | 1.22e+03    |
|    n_updates            | 540         |
|    policy_gradient_loss | -0.00928    |
|    std                  | 0.998       |
|    value_loss           | 2.47e+03    |
-----------------------------------------
------------------------------------------
| rollout/                |              |
|    ep_len_mean          | 65.9         |
|    ep_rew_mean          | 316          |
| time/                   |              |
|    fps                  | 508          |
|    iterations           | 56           |
|    time_elapsed         | 676          |
|    total_timesteps      | 344064       |
| train/                  |              |
|    approx_kl            | 0.0043087774 |
|    clip_fraction        | 0.00627      |
|    clip_range           | 0.2          |
|    entropy_loss         | -24.1        |
|    explained_variance   | 0.0168       |
|    learning_rate        | 0.0003       |
|    loss                 | 1.22e+03     |
|    n_updates            | 550          |
|    policy_gradient_loss | -0.00974     |
|    std                  | 0.998        |
|    value_loss           | 2.47e+03     |
------------------------------------------
-----------------------------------------
| rollout/                |             |
|    ep_len_mean          | 66.1        |
|    ep_rew_mean          | 311         |
| time/                   |             |
|    fps                  | 508         |
|    iterations           | 57          |
|    time_elapsed         | 688         |
|    total_timesteps      | 350208      |
| train/                  |             |
|    approx_kl            | 0.005178788 |
|    clip_fraction        | 0.0114      |
|    clip_range           | 0.2         |
|    entropy_loss         | -24.1       |
|    explained_variance   | 0.0139      |
|    learning_rate        | 0.0003      |
|    loss                 | 1.3e+03     |
|    n_updates            | 560         |
|    policy_gradient_loss | -0.0101     |
|    std                  | 0.998       |
|    value_loss           | 2.64e+03    |
-----------------------------------------
------------------------------------------
| rollout/                |              |
|    ep_len_mean          | 63.4         |
|    ep_rew_mean          | 296          |
| time/                   |              |
|    fps                  | 508          |
|    iterations           | 58           |
|    time_elapsed         | 700          |
|    total_timesteps      | 356352       |
| train/                  |              |
|    approx_kl            | 0.0037280312 |
|    clip_fraction        | 0.00535      |
|    clip_range           | 0.2          |
|    entropy_loss         | -24.1        |
|    explained_variance   | 0.0166       |
|    learning_rate        | 0.0003       |
|    loss                 | 1.27e+03     |
|    n_updates            | 570          |
|    policy_gradient_loss | -0.00873     |
|    std                  | 0.997        |
|    value_loss           | 2.56e+03     |
------------------------------------------
------------------------------------------
| rollout/                |              |
|    ep_len_mean          | 64.9         |
|    ep_rew_mean          | 300          |
| time/                   |              |
|    fps                  | 507          |
|    iterations           | 59           |
|    time_elapsed         | 713          |
|    total_timesteps      | 362496       |
| train/                  |              |
|    approx_kl            | 0.0042260666 |
|    clip_fraction        | 0.00723      |
|    clip_range           | 0.2          |
|    entropy_loss         | -24.1        |
|    explained_variance   | 0.0211       |
|    learning_rate        | 0.0003       |
|    loss                 | 1.2e+03      |
|    n_updates            | 580          |
|    policy_gradient_loss | -0.0101      |
|    std                  | 0.997        |
|    value_loss           | 2.43e+03     |
------------------------------------------
------------------------------------------
| rollout/                |              |
|    ep_len_mean          | 67.8         |
|    ep_rew_mean          | 321          |
| time/                   |              |
|    fps                  | 506          |
|    iterations           | 60           |
|    time_elapsed         | 727          |
|    total_timesteps      | 368640       |
| train/                  |              |
|    approx_kl            | 0.0057202186 |
|    clip_fraction        | 0.0138       |
|    clip_range           | 0.2          |
|    entropy_loss         | -24.1        |
|    explained_variance   | 0.0227       |
|    learning_rate        | 0.0003       |
|    loss                 | 1.21e+03     |
|    n_updates            | 590          |
|    policy_gradient_loss | -0.0107      |
|    std                  | 0.997        |
|    value_loss           | 2.45e+03     |
------------------------------------------
-----------------------------------------
| rollout/                |             |
|    ep_len_mean          | 69.2        |
|    ep_rew_mean          | 323         |
| time/                   |             |
|    fps                  | 506         |
|    iterations           | 61          |
|    time_elapsed         | 740         |
|    total_timesteps      | 374784      |
| train/                  |             |
|    approx_kl            | 0.004413602 |
|    clip_fraction        | 0.00715     |
|    clip_range           | 0.2         |
|    entropy_loss         | -24.1       |
|    explained_variance   | 0.0261      |
|    learning_rate        | 0.0003      |
|    loss                 | 1.29e+03    |
|    n_updates            | 600         |
|    policy_gradient_loss | -0.00941    |
|    std                  | 0.997       |
|    value_loss           | 2.61e+03    |
-----------------------------------------
------------------------------------------
| rollout/                |              |
|    ep_len_mean          | 64.3         |
|    ep_rew_mean          | 297          |
| time/                   |              |
|    fps                  | 505          |
|    iterations           | 62           |
|    time_elapsed         | 753          |
|    total_timesteps      | 380928       |
| train/                  |              |
|    approx_kl            | 0.0043291575 |
|    clip_fraction        | 0.00713      |
|    clip_range           | 0.2          |
|    entropy_loss         | -24.1        |
|    explained_variance   | 0.0185       |
|    learning_rate        | 0.0003       |
|    loss                 | 1.27e+03     |
|    n_updates            | 610          |
|    policy_gradient_loss | -0.00954     |
|    std                  | 0.997        |
|    value_loss           | 2.57e+03     |
------------------------------------------
------------------------------------------
| rollout/                |              |
|    ep_len_mean          | 64.9         |
|    ep_rew_mean          | 306          |
| time/                   |              |
|    fps                  | 504          |
|    iterations           | 63           |
|    time_elapsed         | 766          |
|    total_timesteps      | 387072       |
| train/                  |              |
|    approx_kl            | 0.0044129607 |
|    clip_fraction        | 0.00757      |
|    clip_range           | 0.2          |
|    entropy_loss         | -24.1        |
|    explained_variance   | 0.0159       |
|    learning_rate        | 0.0003       |
|    loss                 | 1.18e+03     |
|    n_updates            | 620          |
|    policy_gradient_loss | -0.00935     |
|    std                  | 0.997        |
|    value_loss           | 2.38e+03     |
------------------------------------------
-----------------------------------------
| rollout/                |             |
|    ep_len_mean          | 67.8        |
|    ep_rew_mean          | 321         |
| time/                   |             |
|    fps                  | 503         |
|    iterations           | 64          |
|    time_elapsed         | 781         |
|    total_timesteps      | 393216      |
| train/                  |             |
|    approx_kl            | 0.004678935 |
|    clip_fraction        | 0.00923     |
|    clip_range           | 0.2         |
|    entropy_loss         | -24.1       |
|    explained_variance   | 0.019       |
|    learning_rate        | 0.0003      |
|    loss                 | 1.25e+03    |
|    n_updates            | 630         |
|    policy_gradient_loss | -0.0107     |
|    std                  | 0.997       |
|    value_loss           | 2.53e+03    |
-----------------------------------------
-----------------------------------------
| rollout/                |             |
|    ep_len_mean          | 67.3        |
|    ep_rew_mean          | 315         |
| time/                   |             |
|    fps                  | 501         |
|    iterations           | 65          |
|    time_elapsed         | 796         |
|    total_timesteps      | 399360      |
| train/                  |             |
|    approx_kl            | 0.004213019 |
|    clip_fraction        | 0.00671     |
|    clip_range           | 0.2         |
|    entropy_loss         | -24.1       |
|    explained_variance   | 0.0193      |
|    learning_rate        | 0.0003      |
|    loss                 | 1.25e+03    |
|    n_updates            | 640         |
|    policy_gradient_loss | -0.00954    |
|    std                  | 0.996       |
|    value_loss           | 2.53e+03    |
-----------------------------------------
-----------------------------------------
| rollout/                |             |
|    ep_len_mean          | 66.3        |
|    ep_rew_mean          | 313         |
| time/                   |             |
|    fps                  | 500         |
|    iterations           | 66          |
|    time_elapsed         | 809         |
|    total_timesteps      | 405504      |
| train/                  |             |
|    approx_kl            | 0.004745907 |
|    clip_fraction        | 0.00824     |
|    clip_range           | 0.2         |
|    entropy_loss         | -24.1       |
|    explained_variance   | 0.028       |
|    learning_rate        | 0.0003      |
|    loss                 | 1.24e+03    |
|    n_updates            | 650         |
|    policy_gradient_loss | -0.0101     |
|    std                  | 0.996       |
|    value_loss           | 2.5e+03     |
-----------------------------------------
------------------------------------------
| rollout/                |              |
|    ep_len_mean          | 67           |
|    ep_rew_mean          | 318          |
| time/                   |              |
|    fps                  | 500          |
|    iterations           | 67           |
|    time_elapsed         | 823          |
|    total_timesteps      | 411648       |
| train/                  |              |
|    approx_kl            | 0.0055926926 |
|    clip_fraction        | 0.0118       |
|    clip_range           | 0.2          |
|    entropy_loss         | -24.1        |
|    explained_variance   | 0.0189       |
|    learning_rate        | 0.0003       |
|    loss                 | 1.24e+03     |
|    n_updates            | 660          |
|    policy_gradient_loss | -0.0114      |
|    std                  | 0.997        |
|    value_loss           | 2.5e+03      |
------------------------------------------
------------------------------------------
| rollout/                |              |
|    ep_len_mean          | 67.2         |
|    ep_rew_mean          | 318          |
| time/                   |              |
|    fps                  | 498          |
|    iterations           | 68           |
|    time_elapsed         | 837          |
|    total_timesteps      | 417792       |
| train/                  |              |
|    approx_kl            | 0.0041838433 |
|    clip_fraction        | 0.00656      |
|    clip_range           | 0.2          |
|    entropy_loss         | -24.1        |
|    explained_variance   | 0.0231       |
|    learning_rate        | 0.0003       |
|    loss                 | 1.25e+03     |
|    n_updates            | 670          |
|    policy_gradient_loss | -0.00915     |
|    std                  | 0.997        |
|    value_loss           | 2.52e+03     |
------------------------------------------
------------------------------------------
| rollout/                |              |
|    ep_len_mean          | 66.5         |
|    ep_rew_mean          | 311          |
| time/                   |              |
|    fps                  | 498          |
|    iterations           | 69           |
|    time_elapsed         | 850          |
|    total_timesteps      | 423936       |
| train/                  |              |
|    approx_kl            | 0.0039295442 |
|    clip_fraction        | 0.00534      |
|    clip_range           | 0.2          |
|    entropy_loss         | -24.1        |
|    explained_variance   | 0.0191       |
|    learning_rate        | 0.0003       |
|    loss                 | 1.25e+03     |
|    n_updates            | 680          |
|    policy_gradient_loss | -0.00959     |
|    std                  | 0.997        |
|    value_loss           | 2.52e+03     |
------------------------------------------
-----------------------------------------
| rollout/                |             |
|    ep_len_mean          | 67.5        |
|    ep_rew_mean          | 319         |
| time/                   |             |
|    fps                  | 497         |
|    iterations           | 70          |
|    time_elapsed         | 864         |
|    total_timesteps      | 430080      |
| train/                  |             |
|    approx_kl            | 0.004351312 |
|    clip_fraction        | 0.00775     |
|    clip_range           | 0.2         |
|    entropy_loss         | -24.1       |
|    explained_variance   | 0.0211      |
|    learning_rate        | 0.0003      |
|    loss                 | 1.2e+03     |
|    n_updates            | 690         |
|    policy_gradient_loss | -0.0105     |
|    std                  | 0.997       |
|    value_loss           | 2.43e+03    |
-----------------------------------------
------------------------------------------
| rollout/                |              |
|    ep_len_mean          | 69.3         |
|    ep_rew_mean          | 327          |
| time/                   |              |
|    fps                  | 495          |
|    iterations           | 71           |
|    time_elapsed         | 879          |
|    total_timesteps      | 436224       |
| train/                  |              |
|    approx_kl            | 0.0054018274 |
|    clip_fraction        | 0.0125       |
|    clip_range           | 0.2          |
|    entropy_loss         | -24.1        |
|    explained_variance   | 0.0193       |
|    learning_rate        | 0.0003       |
|    loss                 | 1.24e+03     |
|    n_updates            | 700          |
|    policy_gradient_loss | -0.0106      |
|    std                  | 0.998        |
|    value_loss           | 2.51e+03     |
------------------------------------------
-----------------------------------------
| rollout/                |             |
|    ep_len_mean          | 67.9        |
|    ep_rew_mean          | 323         |
| time/                   |             |
|    fps                  | 493         |
|    iterations           | 72          |
|    time_elapsed         | 896         |
|    total_timesteps      | 442368      |
| train/                  |             |
|    approx_kl            | 0.005453758 |
|    clip_fraction        | 0.0122      |
|    clip_range           | 0.2         |
|    entropy_loss         | -24.1       |
|    explained_variance   | 0.0164      |
|    learning_rate        | 0.0003      |
|    loss                 | 1.25e+03    |
|    n_updates            | 710         |
|    policy_gradient_loss | -0.0111     |
|    std                  | 0.998       |
|    value_loss           | 2.52e+03    |
-----------------------------------------
------------------------------------------
| rollout/                |              |
|    ep_len_mean          | 66.9         |
|    ep_rew_mean          | 319          |
| time/                   |              |
|    fps                  | 491          |
|    iterations           | 73           |
|    time_elapsed         | 912          |
|    total_timesteps      | 448512       |
| train/                  |              |
|    approx_kl            | 0.0060406127 |
|    clip_fraction        | 0.0157       |
|    clip_range           | 0.2          |
|    entropy_loss         | -24.1        |
|    explained_variance   | 0.011        |
|    learning_rate        | 0.0003       |
|    loss                 | 1.26e+03     |
|    n_updates            | 720          |
|    policy_gradient_loss | -0.011       |
|    std                  | 0.998        |
|    value_loss           | 2.54e+03     |
------------------------------------------
-----------------------------------------
| rollout/                |             |
|    ep_len_mean          | 67          |
|    ep_rew_mean          | 324         |
| time/                   |             |
|    fps                  | 490         |
|    iterations           | 74          |
|    time_elapsed         | 926         |
|    total_timesteps      | 454656      |
| train/                  |             |
|    approx_kl            | 0.005357079 |
|    clip_fraction        | 0.0121      |
|    clip_range           | 0.2         |
|    entropy_loss         | -24.1       |
|    explained_variance   | 0.026       |
|    learning_rate        | 0.0003      |
|    loss                 | 1.24e+03    |
|    n_updates            | 730         |
|    policy_gradient_loss | -0.0103     |
|    std                  | 0.998       |
|    value_loss           | 2.51e+03    |
-----------------------------------------
-----------------------------------------
| rollout/                |             |
|    ep_len_mean          | 68.8        |
|    ep_rew_mean          | 326         |
| time/                   |             |
|    fps                  | 489         |
|    iterations           | 75          |
|    time_elapsed         | 941         |
|    total_timesteps      | 460800      |
| train/                  |             |
|    approx_kl            | 0.005324069 |
|    clip_fraction        | 0.0113      |
|    clip_range           | 0.2         |
|    entropy_loss         | -24.1       |
|    explained_variance   | 0.0229      |
|    learning_rate        | 0.0003      |
|    loss                 | 1.29e+03    |
|    n_updates            | 740         |
|    policy_gradient_loss | -0.0107     |
|    std                  | 0.997       |
|    value_loss           | 2.6e+03     |
-----------------------------------------
-----------------------------------------
| rollout/                |             |
|    ep_len_mean          | 66.7        |
|    ep_rew_mean          | 315         |
| time/                   |             |
|    fps                  | 486         |
|    iterations           | 76          |
|    time_elapsed         | 959         |
|    total_timesteps      | 466944      |
| train/                  |             |
|    approx_kl            | 0.005094664 |
|    clip_fraction        | 0.0104      |
|    clip_range           | 0.2         |
|    entropy_loss         | -24.1       |
|    explained_variance   | 0.0231      |
|    learning_rate        | 0.0003      |
|    loss                 | 1.2e+03     |
|    n_updates            | 750         |
|    policy_gradient_loss | -0.0107     |
|    std                  | 0.997       |
|    value_loss           | 2.43e+03    |
-----------------------------------------
-----------------------------------------
| rollout/                |             |
|    ep_len_mean          | 67.4        |
|    ep_rew_mean          | 322         |
| time/                   |             |
|    fps                  | 485         |
|    iterations           | 77          |
|    time_elapsed         | 974         |
|    total_timesteps      | 473088      |
| train/                  |             |
|    approx_kl            | 0.005597183 |
|    clip_fraction        | 0.0135      |
|    clip_range           | 0.2         |
|    entropy_loss         | -24.1       |
|    explained_variance   | 0.0245      |
|    learning_rate        | 0.0003      |
|    loss                 | 1.23e+03    |
|    n_updates            | 760         |
|    policy_gradient_loss | -0.0114     |
|    std                  | 0.997       |
|    value_loss           | 2.48e+03    |
-----------------------------------------
-----------------------------------------
| rollout/                |             |
|    ep_len_mean          | 66.8        |
|    ep_rew_mean          | 321         |
| time/                   |             |
|    fps                  | 485         |
|    iterations           | 78          |
|    time_elapsed         | 987         |
|    total_timesteps      | 479232      |
| train/                  |             |
|    approx_kl            | 0.004795941 |
|    clip_fraction        | 0.00954     |
|    clip_range           | 0.2         |
|    entropy_loss         | -24.1       |
|    explained_variance   | 0.036       |
|    learning_rate        | 0.0003      |
|    loss                 | 1.22e+03    |
|    n_updates            | 770         |
|    policy_gradient_loss | -0.0108     |
|    std                  | 0.997       |
|    value_loss           | 2.46e+03    |
-----------------------------------------
-----------------------------------------
| rollout/                |             |
|    ep_len_mean          | 70.7        |
|    ep_rew_mean          | 337         |
| time/                   |             |
|    fps                  | 484         |
|    iterations           | 79          |
|    time_elapsed         | 1002        |
|    total_timesteps      | 485376      |
| train/                  |             |
|    approx_kl            | 0.005480536 |
|    clip_fraction        | 0.0124      |
|    clip_range           | 0.2         |
|    entropy_loss         | -24.1       |
|    explained_variance   | 0.0349      |
|    learning_rate        | 0.0003      |
|    loss                 | 1.22e+03    |
|    n_updates            | 780         |
|    policy_gradient_loss | -0.0117     |
|    std                  | 0.997       |
|    value_loss           | 2.46e+03    |
-----------------------------------------
-----------------------------------------
| rollout/                |             |
|    ep_len_mean          | 69.1        |
|    ep_rew_mean          | 332         |
| time/                   |             |
|    fps                  | 482         |
|    iterations           | 80          |
|    time_elapsed         | 1017        |
|    total_timesteps      | 491520      |
| train/                  |             |
|    approx_kl            | 0.005780417 |
|    clip_fraction        | 0.0137      |
|    clip_range           | 0.2         |
|    entropy_loss         | -24.1       |
|    explained_variance   | 0.0195      |
|    learning_rate        | 0.0003      |
|    loss                 | 1.28e+03    |
|    n_updates            | 790         |
|    policy_gradient_loss | -0.0114     |
|    std                  | 0.997       |
|    value_loss           | 2.58e+03    |
-----------------------------------------
------------------------------------------
| rollout/                |              |
|    ep_len_mean          | 70.4         |
|    ep_rew_mean          | 333          |
| time/                   |              |
|    fps                  | 482          |
|    iterations           | 81           |
|    time_elapsed         | 1031         |
|    total_timesteps      | 497664       |
| train/                  |              |
|    approx_kl            | 0.0038858873 |
|    clip_fraction        | 0.00646      |
|    clip_range           | 0.2          |
|    entropy_loss         | -24.1        |
|    explained_variance   | 0.0225       |
|    learning_rate        | 0.0003       |
|    loss                 | 1.25e+03     |
|    n_updates            | 800          |
|    policy_gradient_loss | -0.00987     |
|    std                  | 0.998        |
|    value_loss           | 2.52e+03     |
------------------------------------------
-----------------------------------------
| rollout/                |             |
|    ep_len_mean          | 66.8        |
|    ep_rew_mean          | 321         |
| time/                   |             |
|    fps                  | 481         |
|    iterations           | 82          |
|    time_elapsed         | 1045        |
|    total_timesteps      | 503808      |
| train/                  |             |
|    approx_kl            | 0.005315528 |
|    clip_fraction        | 0.0104      |
|    clip_range           | 0.2         |
|    entropy_loss         | -24.1       |
|    explained_variance   | 0.0379      |
|    learning_rate        | 0.0003      |
|    loss                 | 1.22e+03    |
|    n_updates            | 810         |
|    policy_gradient_loss | -0.0118     |
|    std                  | 0.998       |
|    value_loss           | 2.47e+03    |
-----------------------------------------
------------------------------------------
| rollout/                |              |
|    ep_len_mean          | 66.2         |
|    ep_rew_mean          | 315          |
| time/                   |              |
|    fps                  | 482          |
|    iterations           | 83           |
|    time_elapsed         | 1057         |
|    total_timesteps      | 509952       |
| train/                  |              |
|    approx_kl            | 0.0053135804 |
|    clip_fraction        | 0.0121       |
|    clip_range           | 0.2          |
|    entropy_loss         | -24.1        |
|    explained_variance   | 0.0278       |
|    learning_rate        | 0.0003       |
|    loss                 | 1.19e+03     |
|    n_updates            | 820          |
|    policy_gradient_loss | -0.0108      |
|    std                  | 0.998        |
|    value_loss           | 2.41e+03     |
------------------------------------------
------------------------------------------
| rollout/                |              |
|    ep_len_mean          | 67           |
|    ep_rew_mean          | 324          |
| time/                   |              |
|    fps                  | 482          |
|    iterations           | 84           |
|    time_elapsed         | 1069         |
|    total_timesteps      | 516096       |
| train/                  |              |
|    approx_kl            | 0.0064246007 |
|    clip_fraction        | 0.0167       |
|    clip_range           | 0.2          |
|    entropy_loss         | -24.1        |
|    explained_variance   | 0.0382       |
|    learning_rate        | 0.0003       |
|    loss                 | 1.17e+03     |
|    n_updates            | 830          |
|    policy_gradient_loss | -0.0126      |
|    std                  | 0.998        |
|    value_loss           | 2.36e+03     |
------------------------------------------
------------------------------------------
| rollout/                |              |
|    ep_len_mean          | 70.7         |
|    ep_rew_mean          | 341          |
| time/                   |              |
|    fps                  | 482          |
|    iterations           | 85           |
|    time_elapsed         | 1082         |
|    total_timesteps      | 522240       |
| train/                  |              |
|    approx_kl            | 0.0052789417 |
|    clip_fraction        | 0.0116       |
|    clip_range           | 0.2          |
|    entropy_loss         | -24.1        |
|    explained_variance   | 0.0356       |
|    learning_rate        | 0.0003       |
|    loss                 | 1.26e+03     |
|    n_updates            | 840          |
|    policy_gradient_loss | -0.0109      |
|    std                  | 0.998        |
|    value_loss           | 2.55e+03     |
------------------------------------------
-----------------------------------------
| rollout/                |             |
|    ep_len_mean          | 69.7        |
|    ep_rew_mean          | 333         |
| time/                   |             |
|    fps                  | 482         |
|    iterations           | 86          |
|    time_elapsed         | 1094        |
|    total_timesteps      | 528384      |
| train/                  |             |
|    approx_kl            | 0.005833449 |
|    clip_fraction        | 0.0145      |
|    clip_range           | 0.2         |
|    entropy_loss         | -24.1       |
|    explained_variance   | 0.0564      |
|    learning_rate        | 0.0003      |
|    loss                 | 1.25e+03    |
|    n_updates            | 850         |
|    policy_gradient_loss | -0.0119     |
|    std                  | 0.997       |
|    value_loss           | 2.53e+03    |
-----------------------------------------
-----------------------------------------
| rollout/                |             |
|    ep_len_mean          | 70.9        |
|    ep_rew_mean          | 341         |
| time/                   |             |
|    fps                  | 482         |
|    iterations           | 87          |
|    time_elapsed         | 1106        |
|    total_timesteps      | 534528      |
| train/                  |             |
|    approx_kl            | 0.005163099 |
|    clip_fraction        | 0.0106      |
|    clip_range           | 0.2         |
|    entropy_loss         | -24.1       |
|    explained_variance   | 0.0336      |
|    learning_rate        | 0.0003      |
|    loss                 | 1.22e+03    |
|    n_updates            | 860         |
|    policy_gradient_loss | -0.0115     |
|    std                  | 0.997       |
|    value_loss           | 2.48e+03    |
-----------------------------------------
------------------------------------------
| rollout/                |              |
|    ep_len_mean          | 68.1         |
|    ep_rew_mean          | 332          |
| time/                   |              |
|    fps                  | 483          |
|    iterations           | 88           |
|    time_elapsed         | 1117         |
|    total_timesteps      | 540672       |
| train/                  |              |
|    approx_kl            | 0.0055025727 |
|    clip_fraction        | 0.0128       |
|    clip_range           | 0.2          |
|    entropy_loss         | -24.1        |
|    explained_variance   | 0.0511       |
|    learning_rate        | 0.0003       |
|    loss                 | 1.26e+03     |
|    n_updates            | 870          |
|    policy_gradient_loss | -0.011       |
|    std                  | 0.997        |
|    value_loss           | 2.56e+03     |
------------------------------------------
-----------------------------------------
| rollout/                |             |
|    ep_len_mean          | 69.3        |
|    ep_rew_mean          | 331         |
| time/                   |             |
|    fps                  | 483         |
|    iterations           | 89          |
|    time_elapsed         | 1131        |
|    total_timesteps      | 546816      |
| train/                  |             |
|    approx_kl            | 0.007231593 |
|    clip_fraction        | 0.0199      |
|    clip_range           | 0.2         |
|    entropy_loss         | -24.1       |
|    explained_variance   | 0.06        |
|    learning_rate        | 0.0003      |
|    loss                 | 1.23e+03    |
|    n_updates            | 880         |
|    policy_gradient_loss | -0.0137     |
|    std                  | 0.998       |
|    value_loss           | 2.48e+03    |
-----------------------------------------
-----------------------------------------
| rollout/                |             |
|    ep_len_mean          | 71.5        |
|    ep_rew_mean          | 347         |
| time/                   |             |
|    fps                  | 483         |
|    iterations           | 90          |
|    time_elapsed         | 1144        |
|    total_timesteps      | 552960      |
| train/                  |             |
|    approx_kl            | 0.006814759 |
|    clip_fraction        | 0.0193      |
|    clip_range           | 0.2         |
|    entropy_loss         | -24.1       |
|    explained_variance   | 0.0564      |
|    learning_rate        | 0.0003      |
|    loss                 | 1.2e+03     |
|    n_updates            | 890         |
|    policy_gradient_loss | -0.0116     |
|    std                  | 0.998       |
|    value_loss           | 2.43e+03    |
-----------------------------------------
------------------------------------------
| rollout/                |              |
|    ep_len_mean          | 68.6         |
|    ep_rew_mean          | 331          |
| time/                   |              |
|    fps                  | 483          |
|    iterations           | 91           |
|    time_elapsed         | 1156         |
|    total_timesteps      | 559104       |
| train/                  |              |
|    approx_kl            | 0.0065853205 |
|    clip_fraction        | 0.0192       |
|    clip_range           | 0.2          |
|    entropy_loss         | -24.1        |
|    explained_variance   | 0.0722       |
|    learning_rate        | 0.0003       |
|    loss                 | 1.26e+03     |
|    n_updates            | 900          |
|    policy_gradient_loss | -0.0115      |
|    std                  | 0.998        |
|    value_loss           | 2.55e+03     |
------------------------------------------
------------------------------------------
| rollout/                |              |
|    ep_len_mean          | 68.7         |
|    ep_rew_mean          | 329          |
| time/                   |              |
|    fps                  | 483          |
|    iterations           | 92           |
|    time_elapsed         | 1169         |
|    total_timesteps      | 565248       |
| train/                  |              |
|    approx_kl            | 0.0048693353 |
|    clip_fraction        | 0.01         |
|    clip_range           | 0.2          |
|    entropy_loss         | -24.1        |
|    explained_variance   | 0.0594       |
|    learning_rate        | 0.0003       |
|    loss                 | 1.21e+03     |
|    n_updates            | 910          |
|    policy_gradient_loss | -0.0114      |
|    std                  | 0.998        |
|    value_loss           | 2.44e+03     |
------------------------------------------
-----------------------------------------
| rollout/                |             |
|    ep_len_mean          | 69.8        |
|    ep_rew_mean          | 337         |
| time/                   |             |
|    fps                  | 484         |
|    iterations           | 93          |
|    time_elapsed         | 1180        |
|    total_timesteps      | 571392      |
| train/                  |             |
|    approx_kl            | 0.005725686 |
|    clip_fraction        | 0.0134      |
|    clip_range           | 0.2         |
|    entropy_loss         | -24.1       |
|    explained_variance   | 0.0708      |
|    learning_rate        | 0.0003      |
|    loss                 | 1.18e+03    |
|    n_updates            | 920         |
|    policy_gradient_loss | -0.0123     |
|    std                  | 0.998       |
|    value_loss           | 2.39e+03    |
-----------------------------------------
-----------------------------------------
| rollout/                |             |
|    ep_len_mean          | 70.3        |
|    ep_rew_mean          | 343         |
| time/                   |             |
|    fps                  | 484         |
|    iterations           | 94          |
|    time_elapsed         | 1191        |
|    total_timesteps      | 577536      |
| train/                  |             |
|    approx_kl            | 0.005437181 |
|    clip_fraction        | 0.0129      |
|    clip_range           | 0.2         |
|    entropy_loss         | -24.1       |
|    explained_variance   | 0.0804      |
|    learning_rate        | 0.0003      |
|    loss                 | 1.22e+03    |
|    n_updates            | 930         |
|    policy_gradient_loss | -0.0112     |
|    std                  | 0.998       |
|    value_loss           | 2.47e+03    |
-----------------------------------------
-----------------------------------------
| rollout/                |             |
|    ep_len_mean          | 68.9        |
|    ep_rew_mean          | 333         |
| time/                   |             |
|    fps                  | 485         |
|    iterations           | 95          |
|    time_elapsed         | 1202        |
|    total_timesteps      | 583680      |
| train/                  |             |
|    approx_kl            | 0.007572861 |
|    clip_fraction        | 0.0245      |
|    clip_range           | 0.2         |
|    entropy_loss         | -24.1       |
|    explained_variance   | 0.0826      |
|    learning_rate        | 0.0003      |
|    loss                 | 1.22e+03    |
|    n_updates            | 940         |
|    policy_gradient_loss | -0.0128     |
|    std                  | 0.998       |
|    value_loss           | 2.47e+03    |
-----------------------------------------
-----------------------------------------
| rollout/                |             |
|    ep_len_mean          | 68.1        |
|    ep_rew_mean          | 329         |
| time/                   |             |
|    fps                  | 485         |
|    iterations           | 96          |
|    time_elapsed         | 1214        |
|    total_timesteps      | 589824      |
| train/                  |             |
|    approx_kl            | 0.007914395 |
|    clip_fraction        | 0.0254      |
|    clip_range           | 0.2         |
|    entropy_loss         | -24.1       |
|    explained_variance   | 0.109       |
|    learning_rate        | 0.0003      |
|    loss                 | 1.16e+03    |
|    n_updates            | 950         |
|    policy_gradient_loss | -0.0135     |
|    std                  | 0.998       |
|    value_loss           | 2.35e+03    |
-----------------------------------------
------------------------------------------
| rollout/                |              |
|    ep_len_mean          | 70.1         |
|    ep_rew_mean          | 337          |
| time/                   |              |
|    fps                  | 486          |
|    iterations           | 97           |
|    time_elapsed         | 1224         |
|    total_timesteps      | 595968       |
| train/                  |              |
|    approx_kl            | 0.0071340967 |
|    clip_fraction        | 0.0213       |
|    clip_range           | 0.2          |
|    entropy_loss         | -24.1        |
|    explained_variance   | 0.122        |
|    learning_rate        | 0.0003       |
|    loss                 | 1.12e+03     |
|    n_updates            | 960          |
|    policy_gradient_loss | -0.0132      |
|    std                  | 0.998        |
|    value_loss           | 2.29e+03     |
------------------------------------------
------------------------------------------
| rollout/                |              |
|    ep_len_mean          | 68.4         |
|    ep_rew_mean          | 326          |
| time/                   |              |
|    fps                  | 487          |
|    iterations           | 98           |
|    time_elapsed         | 1235         |
|    total_timesteps      | 602112       |
| train/                  |              |
|    approx_kl            | 0.0069057806 |
|    clip_fraction        | 0.0203       |
|    clip_range           | 0.2          |
|    entropy_loss         | -24.1        |
|    explained_variance   | 0.13         |
|    learning_rate        | 0.0003       |
|    loss                 | 1.16e+03     |
|    n_updates            | 970          |
|    policy_gradient_loss | -0.0123      |
|    std                  | 0.997        |
|    value_loss           | 2.38e+03     |
------------------------------------------
------------------------------------------
| rollout/                |              |
|    ep_len_mean          | 68.5         |
|    ep_rew_mean          | 331          |
| time/                   |              |
|    fps                  | 486          |
|    iterations           | 99           |
|    time_elapsed         | 1250         |
|    total_timesteps      | 608256       |
| train/                  |              |
|    approx_kl            | 0.0065003284 |
|    clip_fraction        | 0.0181       |
|    clip_range           | 0.2          |
|    entropy_loss         | -24.1        |
|    explained_variance   | 0.161        |
|    learning_rate        | 0.0003       |
|    loss                 | 1.06e+03     |
|    n_updates            | 980          |
|    policy_gradient_loss | -0.0124      |
|    std                  | 0.997        |
|    value_loss           | 2.18e+03     |
------------------------------------------
------------------------------------------
| rollout/                |              |
|    ep_len_mean          | 70.3         |
|    ep_rew_mean          | 339          |
| time/                   |              |
|    fps                  | 486          |
|    iterations           | 100          |
|    time_elapsed         | 1262         |
|    total_timesteps      | 614400       |
| train/                  |              |
|    approx_kl            | 0.0058436054 |
|    clip_fraction        | 0.0146       |
|    clip_range           | 0.2          |
|    entropy_loss         | -24.1        |
|    explained_variance   | 0.203        |
|    learning_rate        | 0.0003       |
|    loss                 | 1.08e+03     |
|    n_updates            | 990          |
|    policy_gradient_loss | -0.012       |
|    std                  | 0.997        |
|    value_loss           | 2.22e+03     |
------------------------------------------
-----------------------------------------
| rollout/                |             |
|    ep_len_mean          | 67.5        |
|    ep_rew_mean          | 329         |
| time/                   |             |
|    fps                  | 487         |
|    iterations           | 101         |
|    time_elapsed         | 1272        |
|    total_timesteps      | 620544      |
| train/                  |             |
|    approx_kl            | 0.004791306 |
|    clip_fraction        | 0.00894     |
|    clip_range           | 0.2         |
|    entropy_loss         | -24.1       |
|    explained_variance   | 0.284       |
|    learning_rate        | 0.0003      |
|    loss                 | 1.05e+03    |
|    n_updates            | 1000        |
|    policy_gradient_loss | -0.0116     |
|    std                  | 0.997       |
|    value_loss           | 2.17e+03    |
-----------------------------------------
------------------------------------------
| rollout/                |              |
|    ep_len_mean          | 72.5         |
|    ep_rew_mean          | 351          |
| time/                   |              |
|    fps                  | 487          |
|    iterations           | 102          |
|    time_elapsed         | 1284         |
|    total_timesteps      | 626688       |
| train/                  |              |
|    approx_kl            | 0.0075360485 |
|    clip_fraction        | 0.0234       |
|    clip_range           | 0.2          |
|    entropy_loss         | -24.1        |
|    explained_variance   | 0.323        |
|    learning_rate        | 0.0003       |
|    loss                 | 1e+03        |
|    n_updates            | 1010         |
|    policy_gradient_loss | -0.0135      |
|    std                  | 0.996        |
|    value_loss           | 2.06e+03     |
------------------------------------------
------------------------------------------
| rollout/                |              |
|    ep_len_mean          | 69.4         |
|    ep_rew_mean          | 334          |
| time/                   |              |
|    fps                  | 488          |
|    iterations           | 103          |
|    time_elapsed         | 1296         |
|    total_timesteps      | 632832       |
| train/                  |              |
|    approx_kl            | 0.0072279056 |
|    clip_fraction        | 0.0226       |
|    clip_range           | 0.2          |
|    entropy_loss         | -24.1        |
|    explained_variance   | 0.383        |
|    learning_rate        | 0.0003       |
|    loss                 | 1.02e+03     |
|    n_updates            | 1020         |
|    policy_gradient_loss | -0.013       |
|    std                  | 0.996        |
|    value_loss           | 2.08e+03     |
------------------------------------------
------------------------------------------
| rollout/                |              |
|    ep_len_mean          | 70.5         |
|    ep_rew_mean          | 344          |
| time/                   |              |
|    fps                  | 488          |
|    iterations           | 104          |
|    time_elapsed         | 1307         |
|    total_timesteps      | 638976       |
| train/                  |              |
|    approx_kl            | 0.0066379136 |
|    clip_fraction        | 0.0183       |
|    clip_range           | 0.2          |
|    entropy_loss         | -24.1        |
|    explained_variance   | 0.395        |
|    learning_rate        | 0.0003       |
|    loss                 | 969          |
|    n_updates            | 1030         |
|    policy_gradient_loss | -0.0136      |
|    std                  | 0.996        |
|    value_loss           | 1.99e+03     |
------------------------------------------
------------------------------------------
| rollout/                |              |
|    ep_len_mean          | 73.1         |
|    ep_rew_mean          | 355          |
| time/                   |              |
|    fps                  | 489          |
|    iterations           | 105          |
|    time_elapsed         | 1316         |
|    total_timesteps      | 645120       |
| train/                  |              |
|    approx_kl            | 0.0060876445 |
|    clip_fraction        | 0.0158       |
|    clip_range           | 0.2          |
|    entropy_loss         | -24          |
|    explained_variance   | 0.46         |
|    learning_rate        | 0.0003       |
|    loss                 | 959          |
|    n_updates            | 1040         |
|    policy_gradient_loss | -0.0113      |
|    std                  | 0.996        |
|    value_loss           | 1.97e+03     |
------------------------------------------
------------------------------------------
| rollout/                |              |
|    ep_len_mean          | 69.8         |
|    ep_rew_mean          | 343          |
| time/                   |              |
|    fps                  | 490          |
|    iterations           | 106          |
|    time_elapsed         | 1327         |
|    total_timesteps      | 651264       |
| train/                  |              |
|    approx_kl            | 0.0052021104 |
|    clip_fraction        | 0.0109       |
|    clip_range           | 0.2          |
|    entropy_loss         | -24.1        |
|    explained_variance   | 0.484        |
|    learning_rate        | 0.0003       |
|    loss                 | 962          |
|    n_updates            | 1050         |
|    policy_gradient_loss | -0.0119      |
|    std                  | 0.996        |
|    value_loss           | 1.97e+03     |
------------------------------------------
-----------------------------------------
| rollout/                |             |
|    ep_len_mean          | 70          |
|    ep_rew_mean          | 340         |
| time/                   |             |
|    fps                  | 491         |
|    iterations           | 107         |
|    time_elapsed         | 1337        |
|    total_timesteps      | 657408      |
| train/                  |             |
|    approx_kl            | 0.005705832 |
|    clip_fraction        | 0.0139      |
|    clip_range           | 0.2         |
|    entropy_loss         | -24.1       |
|    explained_variance   | 0.519       |
|    learning_rate        | 0.0003      |
|    loss                 | 938         |
|    n_updates            | 1060        |
|    policy_gradient_loss | -0.0122     |
|    std                  | 0.996       |
|    value_loss           | 1.92e+03    |
-----------------------------------------
------------------------------------------
| rollout/                |              |
|    ep_len_mean          | 70.9         |
|    ep_rew_mean          | 339          |
| time/                   |              |
|    fps                  | 491          |
|    iterations           | 108          |
|    time_elapsed         | 1349         |
|    total_timesteps      | 663552       |
| train/                  |              |
|    approx_kl            | 0.0062265084 |
|    clip_fraction        | 0.0165       |
|    clip_range           | 0.2          |
|    entropy_loss         | -24.1        |
|    explained_variance   | 0.483        |
|    learning_rate        | 0.0003       |
|    loss                 | 903          |
|    n_updates            | 1070         |
|    policy_gradient_loss | -0.0124      |
|    std                  | 0.996        |
|    value_loss           | 1.85e+03     |
------------------------------------------
-----------------------------------------
| rollout/                |             |
|    ep_len_mean          | 69.6        |
|    ep_rew_mean          | 334         |
| time/                   |             |
|    fps                  | 492         |
|    iterations           | 109         |
|    time_elapsed         | 1360        |
|    total_timesteps      | 669696      |
| train/                  |             |
|    approx_kl            | 0.007804464 |
|    clip_fraction        | 0.0255      |
|    clip_range           | 0.2         |
|    entropy_loss         | -24.1       |
|    explained_variance   | 0.473       |
|    learning_rate        | 0.0003      |
|    loss                 | 896         |
|    n_updates            | 1080        |
|    policy_gradient_loss | -0.014      |
|    std                  | 0.996       |
|    value_loss           | 1.83e+03    |
-----------------------------------------
-----------------------------------------
| rollout/                |             |
|    ep_len_mean          | 68.8        |
|    ep_rew_mean          | 336         |
| time/                   |             |
|    fps                  | 491         |
|    iterations           | 110         |
|    time_elapsed         | 1373        |
|    total_timesteps      | 675840      |
| train/                  |             |
|    approx_kl            | 0.006845437 |
|    clip_fraction        | 0.0191      |
|    clip_range           | 0.2         |
|    entropy_loss         | -24.1       |
|    explained_variance   | 0.455       |
|    learning_rate        | 0.0003      |
|    loss                 | 914         |
|    n_updates            | 1090        |
|    policy_gradient_loss | -0.0131     |
|    std                  | 0.996       |
|    value_loss           | 1.87e+03    |
-----------------------------------------
------------------------------------------
| rollout/                |              |
|    ep_len_mean          | 71.8         |
|    ep_rew_mean          | 343          |
| time/                   |              |
|    fps                  | 492          |
|    iterations           | 111          |
|    time_elapsed         | 1383         |
|    total_timesteps      | 681984       |
| train/                  |              |
|    approx_kl            | 0.0067909765 |
|    clip_fraction        | 0.0207       |
|    clip_range           | 0.2          |
|    entropy_loss         | -24.1        |
|    explained_variance   | 0.548        |
|    learning_rate        | 0.0003       |
|    loss                 | 876          |
|    n_updates            | 1100         |
|    policy_gradient_loss | -0.0129      |
|    std                  | 0.996        |
|    value_loss           | 1.8e+03      |
------------------------------------------
------------------------------------------
| rollout/                |              |
|    ep_len_mean          | 68.5         |
|    ep_rew_mean          | 336          |
| time/                   |              |
|    fps                  | 493          |
|    iterations           | 112          |
|    time_elapsed         | 1394         |
|    total_timesteps      | 688128       |
| train/                  |              |
|    approx_kl            | 0.0071741156 |
|    clip_fraction        | 0.0208       |
|    clip_range           | 0.2          |
|    entropy_loss         | -24          |
|    explained_variance   | 0.491        |
|    learning_rate        | 0.0003       |
|    loss                 | 869          |
|    n_updates            | 1110         |
|    policy_gradient_loss | -0.0133      |
|    std                  | 0.996        |
|    value_loss           | 1.78e+03     |
------------------------------------------
-----------------------------------------
| rollout/                |             |
|    ep_len_mean          | 70.7        |
|    ep_rew_mean          | 341         |
| time/                   |             |
|    fps                  | 494         |
|    iterations           | 113         |
|    time_elapsed         | 1404        |
|    total_timesteps      | 694272      |
| train/                  |             |
|    approx_kl            | 0.007754428 |
|    clip_fraction        | 0.0251      |
|    clip_range           | 0.2         |
|    entropy_loss         | -24         |
|    explained_variance   | 0.583       |
|    learning_rate        | 0.0003      |
|    loss                 | 848         |
|    n_updates            | 1120        |
|    policy_gradient_loss | -0.0142     |
|    std                  | 0.995       |
|    value_loss           | 1.74e+03    |
-----------------------------------------
-----------------------------------------
| rollout/                |             |
|    ep_len_mean          | 69.8        |
|    ep_rew_mean          | 340         |
| time/                   |             |
|    fps                  | 494         |
|    iterations           | 114         |
|    time_elapsed         | 1415        |
|    total_timesteps      | 700416      |
| train/                  |             |
|    approx_kl            | 0.006854057 |
|    clip_fraction        | 0.0203      |
|    clip_range           | 0.2         |
|    entropy_loss         | -24         |
|    explained_variance   | 0.518       |
|    learning_rate        | 0.0003      |
|    loss                 | 884         |
|    n_updates            | 1130        |
|    policy_gradient_loss | -0.0132     |
|    std                  | 0.995       |
|    value_loss           | 1.81e+03    |
-----------------------------------------
------------------------------------------
| rollout/                |              |
|    ep_len_mean          | 72.8         |
|    ep_rew_mean          | 348          |
| time/                   |              |
|    fps                  | 495          |
|    iterations           | 115          |
|    time_elapsed         | 1427         |
|    total_timesteps      | 706560       |
| train/                  |              |
|    approx_kl            | 0.0067479447 |
|    clip_fraction        | 0.019        |
|    clip_range           | 0.2          |
|    entropy_loss         | -24          |
|    explained_variance   | 0.54         |
|    learning_rate        | 0.0003       |
|    loss                 | 870          |
|    n_updates            | 1140         |
|    policy_gradient_loss | -0.0146      |
|    std                  | 0.994        |
|    value_loss           | 1.78e+03     |
------------------------------------------
------------------------------------------
| rollout/                |              |
|    ep_len_mean          | 71.8         |
|    ep_rew_mean          | 348          |
| time/                   |              |
|    fps                  | 495          |
|    iterations           | 116          |
|    time_elapsed         | 1437         |
|    total_timesteps      | 712704       |
| train/                  |              |
|    approx_kl            | 0.0069408747 |
|    clip_fraction        | 0.0212       |
|    clip_range           | 0.2          |
|    entropy_loss         | -24          |
|    explained_variance   | 0.51         |
|    learning_rate        | 0.0003       |
|    loss                 | 877          |
|    n_updates            | 1150         |
|    policy_gradient_loss | -0.0136      |
|    std                  | 0.994        |
|    value_loss           | 1.8e+03      |
------------------------------------------
------------------------------------------
| rollout/                |              |
|    ep_len_mean          | 71.3         |
|    ep_rew_mean          | 344          |
| time/                   |              |
|    fps                  | 496          |
|    iterations           | 117          |
|    time_elapsed         | 1447         |
|    total_timesteps      | 718848       |
| train/                  |              |
|    approx_kl            | 0.0069703683 |
|    clip_fraction        | 0.0203       |
|    clip_range           | 0.2          |
|    entropy_loss         | -24          |
|    explained_variance   | 0.549        |
|    learning_rate        | 0.0003       |
|    loss                 | 865          |
|    n_updates            | 1160         |
|    policy_gradient_loss | -0.0146      |
|    std                  | 0.994        |
|    value_loss           | 1.77e+03     |
------------------------------------------
------------------------------------------
| rollout/                |              |
|    ep_len_mean          | 72.7         |
|    ep_rew_mean          | 358          |
| time/                   |              |
|    fps                  | 497          |
|    iterations           | 118          |
|    time_elapsed         | 1458         |
|    total_timesteps      | 724992       |
| train/                  |              |
|    approx_kl            | 0.0061934018 |
|    clip_fraction        | 0.0169       |
|    clip_range           | 0.2          |
|    entropy_loss         | -24          |
|    explained_variance   | 0.552        |
|    learning_rate        | 0.0003       |
|    loss                 | 858          |
|    n_updates            | 1170         |
|    policy_gradient_loss | -0.0133      |
|    std                  | 0.994        |
|    value_loss           | 1.76e+03     |
------------------------------------------
------------------------------------------
| rollout/                |              |
|    ep_len_mean          | 72.5         |
|    ep_rew_mean          | 346          |
| time/                   |              |
|    fps                  | 497          |
|    iterations           | 119          |
|    time_elapsed         | 1469         |
|    total_timesteps      | 731136       |
| train/                  |              |
|    approx_kl            | 0.0077807438 |
|    clip_fraction        | 0.0236       |
|    clip_range           | 0.2          |
|    entropy_loss         | -24          |
|    explained_variance   | 0.571        |
|    learning_rate        | 0.0003       |
|    loss                 | 873          |
|    n_updates            | 1180         |
|    policy_gradient_loss | -0.0152      |
|    std                  | 0.994        |
|    value_loss           | 1.79e+03     |
------------------------------------------
----------------------------------------
| rollout/                |            |
|    ep_len_mean          | 72.4       |
|    ep_rew_mean          | 353        |
| time/                   |            |
|    fps                  | 497        |
|    iterations           | 120        |
|    time_elapsed         | 1481       |
|    total_timesteps      | 737280     |
| train/                  |            |
|    approx_kl            | 0.00730536 |
|    clip_fraction        | 0.0236     |
|    clip_range           | 0.2        |
|    entropy_loss         | -24        |
|    explained_variance   | 0.535      |
|    learning_rate        | 0.0003     |
|    loss                 | 850        |
|    n_updates            | 1190       |
|    policy_gradient_loss | -0.0142    |
|    std                  | 0.994      |
|    value_loss           | 1.74e+03   |
----------------------------------------
------------------------------------------
| rollout/                |              |
|    ep_len_mean          | 67.8         |
|    ep_rew_mean          | 334          |
| time/                   |              |
|    fps                  | 496          |
|    iterations           | 121          |
|    time_elapsed         | 1498         |
|    total_timesteps      | 743424       |
| train/                  |              |
|    approx_kl            | 0.0069663282 |
|    clip_fraction        | 0.0212       |
|    clip_range           | 0.2          |
|    entropy_loss         | -24          |
|    explained_variance   | 0.588        |
|    learning_rate        | 0.0003       |
|    loss                 | 840          |
|    n_updates            | 1200         |
|    policy_gradient_loss | -0.0133      |
|    std                  | 0.994        |
|    value_loss           | 1.72e+03     |
------------------------------------------
-----------------------------------------
| rollout/                |             |
|    ep_len_mean          | 69.5        |
|    ep_rew_mean          | 340         |
| time/                   |             |
|    fps                  | 495         |
|    iterations           | 122         |
|    time_elapsed         | 1512        |
|    total_timesteps      | 749568      |
| train/                  |             |
|    approx_kl            | 0.007942312 |
|    clip_fraction        | 0.025       |
|    clip_range           | 0.2         |
|    entropy_loss         | -24         |
|    explained_variance   | 0.618       |
|    learning_rate        | 0.0003      |
|    loss                 | 765         |
|    n_updates            | 1210        |
|    policy_gradient_loss | -0.0147     |
|    std                  | 0.994       |
|    value_loss           | 1.57e+03    |
-----------------------------------------
-----------------------------------------
| rollout/                |             |
|    ep_len_mean          | 72.9        |
|    ep_rew_mean          | 355         |
| time/                   |             |
|    fps                  | 495         |
|    iterations           | 123         |
|    time_elapsed         | 1525        |
|    total_timesteps      | 755712      |
| train/                  |             |
|    approx_kl            | 0.007909447 |
|    clip_fraction        | 0.0276      |
|    clip_range           | 0.2         |
|    entropy_loss         | -24         |
|    explained_variance   | 0.598       |
|    learning_rate        | 0.0003      |
|    loss                 | 814         |
|    n_updates            | 1220        |
|    policy_gradient_loss | -0.0145     |
|    std                  | 0.993       |
|    value_loss           | 1.67e+03    |
-----------------------------------------
-----------------------------------------
| rollout/                |             |
|    ep_len_mean          | 71.5        |
|    ep_rew_mean          | 351         |
| time/                   |             |
|    fps                  | 494         |
|    iterations           | 124         |
|    time_elapsed         | 1539        |
|    total_timesteps      | 761856      |
| train/                  |             |
|    approx_kl            | 0.008180511 |
|    clip_fraction        | 0.0271      |
|    clip_range           | 0.2         |
|    entropy_loss         | -24         |
|    explained_variance   | 0.595       |
|    learning_rate        | 0.0003      |
|    loss                 | 826         |
|    n_updates            | 1230        |
|    policy_gradient_loss | -0.015      |
|    std                  | 0.993       |
|    value_loss           | 1.69e+03    |
-----------------------------------------
------------------------------------------
| rollout/                |              |
|    ep_len_mean          | 71.7         |
|    ep_rew_mean          | 347          |
| time/                   |              |
|    fps                  | 493          |
|    iterations           | 125          |
|    time_elapsed         | 1556         |
|    total_timesteps      | 768000       |
| train/                  |              |
|    approx_kl            | 0.0075200708 |
|    clip_fraction        | 0.0235       |
|    clip_range           | 0.2          |
|    entropy_loss         | -24          |
|    explained_variance   | 0.599        |
|    learning_rate        | 0.0003       |
|    loss                 | 827          |
|    n_updates            | 1240         |
|    policy_gradient_loss | -0.0147      |
|    std                  | 0.992        |
|    value_loss           | 1.69e+03     |
------------------------------------------
------------------------------------------
| rollout/                |              |
|    ep_len_mean          | 73           |
|    ep_rew_mean          | 356          |
| time/                   |              |
|    fps                  | 492          |
|    iterations           | 126          |
|    time_elapsed         | 1572         |
|    total_timesteps      | 774144       |
| train/                  |              |
|    approx_kl            | 0.0075243576 |
|    clip_fraction        | 0.0243       |
|    clip_range           | 0.2          |
|    entropy_loss         | -24          |
|    explained_variance   | 0.59         |
|    learning_rate        | 0.0003       |
|    loss                 | 812          |
|    n_updates            | 1250         |
|    policy_gradient_loss | -0.0148      |
|    std                  | 0.992        |
|    value_loss           | 1.67e+03     |
------------------------------------------
------------------------------------------
| rollout/                |              |
|    ep_len_mean          | 71.4         |
|    ep_rew_mean          | 350          |
| time/                   |              |
|    fps                  | 491          |
|    iterations           | 127          |
|    time_elapsed         | 1587         |
|    total_timesteps      | 780288       |
| train/                  |              |
|    approx_kl            | 0.0069932006 |
|    clip_fraction        | 0.0206       |
|    clip_range           | 0.2          |
|    entropy_loss         | -24          |
|    explained_variance   | 0.62         |
|    learning_rate        | 0.0003       |
|    loss                 | 805          |
|    n_updates            | 1260         |
|    policy_gradient_loss | -0.0144      |
|    std                  | 0.992        |
|    value_loss           | 1.65e+03     |
------------------------------------------
------------------------------------------
| rollout/                |              |
|    ep_len_mean          | 71.4         |
|    ep_rew_mean          | 353          |
| time/                   |              |
|    fps                  | 490          |
|    iterations           | 128          |
|    time_elapsed         | 1601         |
|    total_timesteps      | 786432       |
| train/                  |              |
|    approx_kl            | 0.0080519365 |
|    clip_fraction        | 0.0257       |
|    clip_range           | 0.2          |
|    entropy_loss         | -24          |
|    explained_variance   | 0.663        |
|    learning_rate        | 0.0003       |
|    loss                 | 764          |
|    n_updates            | 1270         |
|    policy_gradient_loss | -0.0151      |
|    std                  | 0.991        |
|    value_loss           | 1.57e+03     |
------------------------------------------
-----------------------------------------
| rollout/                |             |
|    ep_len_mean          | 74          |
|    ep_rew_mean          | 361         |
| time/                   |             |
|    fps                  | 489         |
|    iterations           | 129         |
|    time_elapsed         | 1618        |
|    total_timesteps      | 792576      |
| train/                  |             |
|    approx_kl            | 0.008451941 |
|    clip_fraction        | 0.0305      |
|    clip_range           | 0.2         |
|    entropy_loss         | -24         |
|    explained_variance   | 0.665       |
|    learning_rate        | 0.0003      |
|    loss                 | 789         |
|    n_updates            | 1280        |
|    policy_gradient_loss | -0.0144     |
|    std                  | 0.991       |
|    value_loss           | 1.62e+03    |
-----------------------------------------
------------------------------------------
| rollout/                |              |
|    ep_len_mean          | 74.5         |
|    ep_rew_mean          | 368          |
| time/                   |              |
|    fps                  | 488          |
|    iterations           | 130          |
|    time_elapsed         | 1633         |
|    total_timesteps      | 798720       |
| train/                  |              |
|    approx_kl            | 0.0068342905 |
|    clip_fraction        | 0.0202       |
|    clip_range           | 0.2          |
|    entropy_loss         | -24          |
|    explained_variance   | 0.663        |
|    learning_rate        | 0.0003       |
|    loss                 | 773          |
|    n_updates            | 1290         |
|    policy_gradient_loss | -0.014       |
|    std                  | 0.991        |
|    value_loss           | 1.59e+03     |
------------------------------------------
------------------------------------------
| rollout/                |              |
|    ep_len_mean          | 76.8         |
|    ep_rew_mean          | 372          |
| time/                   |              |
|    fps                  | 488          |
|    iterations           | 131          |
|    time_elapsed         | 1647         |
|    total_timesteps      | 804864       |
| train/                  |              |
|    approx_kl            | 0.0077871266 |
|    clip_fraction        | 0.0251       |
|    clip_range           | 0.2          |
|    entropy_loss         | -24          |
|    explained_variance   | 0.681        |
|    learning_rate        | 0.0003       |
|    loss                 | 766          |
|    n_updates            | 1300         |
|    policy_gradient_loss | -0.015       |
|    std                  | 0.99         |
|    value_loss           | 1.58e+03     |
------------------------------------------
----------------------------------------
| rollout/                |            |
|    ep_len_mean          | 76.7       |
|    ep_rew_mean          | 379        |
| time/                   |            |
|    fps                  | 487        |
|    iterations           | 132        |
|    time_elapsed         | 1661       |
|    total_timesteps      | 811008     |
| train/                  |            |
|    approx_kl            | 0.00661807 |
|    clip_fraction        | 0.0198     |
|    clip_range           | 0.2        |
|    entropy_loss         | -23.9      |
|    explained_variance   | 0.637      |
|    learning_rate        | 0.0003     |
|    loss                 | 803        |
|    n_updates            | 1310       |
|    policy_gradient_loss | -0.0134    |
|    std                  | 0.99       |
|    value_loss           | 1.65e+03   |
----------------------------------------
------------------------------------------
| rollout/                |              |
|    ep_len_mean          | 75.3         |
|    ep_rew_mean          | 376          |
| time/                   |              |
|    fps                  | 487          |
|    iterations           | 133          |
|    time_elapsed         | 1676         |
|    total_timesteps      | 817152       |
| train/                  |              |
|    approx_kl            | 0.0074800984 |
|    clip_fraction        | 0.0233       |
|    clip_range           | 0.2          |
|    entropy_loss         | -23.9        |
|    explained_variance   | 0.675        |
|    learning_rate        | 0.0003       |
|    loss                 | 778          |
|    n_updates            | 1320         |
|    policy_gradient_loss | -0.0137      |
|    std                  | 0.99         |
|    value_loss           | 1.6e+03      |
------------------------------------------
-----------------------------------------
| rollout/                |             |
|    ep_len_mean          | 75.5        |
|    ep_rew_mean          | 368         |
| time/                   |             |
|    fps                  | 487         |
|    iterations           | 134         |
|    time_elapsed         | 1690        |
|    total_timesteps      | 823296      |
| train/                  |             |
|    approx_kl            | 0.006054752 |
|    clip_fraction        | 0.0169      |
|    clip_range           | 0.2         |
|    entropy_loss         | -23.9       |
|    explained_variance   | 0.685       |
|    learning_rate        | 0.0003      |
|    loss                 | 795         |
|    n_updates            | 1330        |
|    policy_gradient_loss | -0.013      |
|    std                  | 0.989       |
|    value_loss           | 1.63e+03    |
-----------------------------------------
-----------------------------------------
| rollout/                |             |
|    ep_len_mean          | 73.5        |
|    ep_rew_mean          | 359         |
| time/                   |             |
|    fps                  | 486         |
|    iterations           | 135         |
|    time_elapsed         | 1704        |
|    total_timesteps      | 829440      |
| train/                  |             |
|    approx_kl            | 0.009213883 |
|    clip_fraction        | 0.0326      |
|    clip_range           | 0.2         |
|    entropy_loss         | -23.9       |
|    explained_variance   | 0.672       |
|    learning_rate        | 0.0003      |
|    loss                 | 764         |
|    n_updates            | 1340        |
|    policy_gradient_loss | -0.0153     |
|    std                  | 0.989       |
|    value_loss           | 1.57e+03    |
-----------------------------------------
-----------------------------------------
| rollout/                |             |
|    ep_len_mean          | 72.4        |
|    ep_rew_mean          | 357         |
| time/                   |             |
|    fps                  | 485         |
|    iterations           | 136         |
|    time_elapsed         | 1719        |
|    total_timesteps      | 835584      |
| train/                  |             |
|    approx_kl            | 0.008088196 |
|    clip_fraction        | 0.0257      |
|    clip_range           | 0.2         |
|    entropy_loss         | -23.9       |
|    explained_variance   | 0.671       |
|    learning_rate        | 0.0003      |
|    loss                 | 729         |
|    n_updates            | 1350        |
|    policy_gradient_loss | -0.0144     |
|    std                  | 0.989       |
|    value_loss           | 1.5e+03     |
-----------------------------------------
-----------------------------------------
| rollout/                |             |
|    ep_len_mean          | 73.6        |
|    ep_rew_mean          | 365         |
| time/                   |             |
|    fps                  | 484         |
|    iterations           | 137         |
|    time_elapsed         | 1736        |
|    total_timesteps      | 841728      |
| train/                  |             |
|    approx_kl            | 0.007944674 |
|    clip_fraction        | 0.0263      |
|    clip_range           | 0.2         |
|    entropy_loss         | -23.9       |
|    explained_variance   | 0.695       |
|    learning_rate        | 0.0003      |
|    loss                 | 743         |
|    n_updates            | 1360        |
|    policy_gradient_loss | -0.0146     |
|    std                  | 0.989       |
|    value_loss           | 1.52e+03    |
-----------------------------------------
-----------------------------------------
| rollout/                |             |
|    ep_len_mean          | 72.9        |
|    ep_rew_mean          | 362         |
| time/                   |             |
|    fps                  | 484         |
|    iterations           | 138         |
|    time_elapsed         | 1751        |
|    total_timesteps      | 847872      |
| train/                  |             |
|    approx_kl            | 0.007831649 |
|    clip_fraction        | 0.0247      |
|    clip_range           | 0.2         |
|    entropy_loss         | -23.9       |
|    explained_variance   | 0.688       |
|    learning_rate        | 0.0003      |
|    loss                 | 749         |
|    n_updates            | 1370        |
|    policy_gradient_loss | -0.0141     |
|    std                  | 0.989       |
|    value_loss           | 1.54e+03    |
-----------------------------------------
-----------------------------------------
| rollout/                |             |
|    ep_len_mean          | 71.8        |
|    ep_rew_mean          | 354         |
| time/                   |             |
|    fps                  | 483         |
|    iterations           | 139         |
|    time_elapsed         | 1765        |
|    total_timesteps      | 854016      |
| train/                  |             |
|    approx_kl            | 0.008444336 |
|    clip_fraction        | 0.0303      |
|    clip_range           | 0.2         |
|    entropy_loss         | -23.9       |
|    explained_variance   | 0.716       |
|    learning_rate        | 0.0003      |
|    loss                 | 705         |
|    n_updates            | 1380        |
|    policy_gradient_loss | -0.0145     |
|    std                  | 0.989       |
|    value_loss           | 1.45e+03    |
-----------------------------------------
------------------------------------------
| rollout/                |              |
|    ep_len_mean          | 72.5         |
|    ep_rew_mean          | 360          |
| time/                   |              |
|    fps                  | 483          |
|    iterations           | 140          |
|    time_elapsed         | 1778         |
|    total_timesteps      | 860160       |
| train/                  |              |
|    approx_kl            | 0.0075084954 |
|    clip_fraction        | 0.0234       |
|    clip_range           | 0.2          |
|    entropy_loss         | -23.9        |
|    explained_variance   | 0.727        |
|    learning_rate        | 0.0003       |
|    loss                 | 663          |
|    n_updates            | 1390         |
|    policy_gradient_loss | -0.0146      |
|    std                  | 0.988        |
|    value_loss           | 1.37e+03     |
------------------------------------------
-----------------------------------------
| rollout/                |             |
|    ep_len_mean          | 73.1        |
|    ep_rew_mean          | 356         |
| time/                   |             |
|    fps                  | 483         |
|    iterations           | 141         |
|    time_elapsed         | 1793        |
|    total_timesteps      | 866304      |
| train/                  |             |
|    approx_kl            | 0.008487058 |
|    clip_fraction        | 0.0304      |
|    clip_range           | 0.2         |
|    entropy_loss         | -23.9       |
|    explained_variance   | 0.682       |
|    learning_rate        | 0.0003      |
|    loss                 | 734         |
|    n_updates            | 1400        |
|    policy_gradient_loss | -0.0159     |
|    std                  | 0.988       |
|    value_loss           | 1.51e+03    |
-----------------------------------------
-----------------------------------------
| rollout/                |             |
|    ep_len_mean          | 73.8        |
|    ep_rew_mean          | 364         |
| time/                   |             |
|    fps                  | 482         |
|    iterations           | 142         |
|    time_elapsed         | 1807        |
|    total_timesteps      | 872448      |
| train/                  |             |
|    approx_kl            | 0.007820259 |
|    clip_fraction        | 0.025       |
|    clip_range           | 0.2         |
|    entropy_loss         | -23.9       |
|    explained_variance   | 0.712       |
|    learning_rate        | 0.0003      |
|    loss                 | 680         |
|    n_updates            | 1410        |
|    policy_gradient_loss | -0.0151     |
|    std                  | 0.988       |
|    value_loss           | 1.4e+03     |
-----------------------------------------
-----------------------------------------
| rollout/                |             |
|    ep_len_mean          | 74.5        |
|    ep_rew_mean          | 369         |
| time/                   |             |
|    fps                  | 482         |
|    iterations           | 143         |
|    time_elapsed         | 1821        |
|    total_timesteps      | 878592      |
| train/                  |             |
|    approx_kl            | 0.007931096 |
|    clip_fraction        | 0.0263      |
|    clip_range           | 0.2         |
|    entropy_loss         | -23.9       |
|    explained_variance   | 0.707       |
|    learning_rate        | 0.0003      |
|    loss                 | 712         |
|    n_updates            | 1420        |
|    policy_gradient_loss | -0.0147     |
|    std                  | 0.988       |
|    value_loss           | 1.47e+03    |
-----------------------------------------
-----------------------------------------
| rollout/                |             |
|    ep_len_mean          | 77.8        |
|    ep_rew_mean          | 382         |
| time/                   |             |
|    fps                  | 482         |
|    iterations           | 144         |
|    time_elapsed         | 1834        |
|    total_timesteps      | 884736      |
| train/                  |             |
|    approx_kl            | 0.007605352 |
|    clip_fraction        | 0.0243      |
|    clip_range           | 0.2         |
|    entropy_loss         | -23.9       |
|    explained_variance   | 0.74        |
|    learning_rate        | 0.0003      |
|    loss                 | 693         |
|    n_updates            | 1430        |
|    policy_gradient_loss | -0.0149     |
|    std                  | 0.988       |
|    value_loss           | 1.43e+03    |
-----------------------------------------
-----------------------------------------
| rollout/                |             |
|    ep_len_mean          | 76.6        |
|    ep_rew_mean          | 377         |
| time/                   |             |
|    fps                  | 480         |
|    iterations           | 145         |
|    time_elapsed         | 1855        |
|    total_timesteps      | 890880      |
| train/                  |             |
|    approx_kl            | 0.009165528 |
|    clip_fraction        | 0.0344      |
|    clip_range           | 0.2         |
|    entropy_loss         | -23.9       |
|    explained_variance   | 0.718       |
|    learning_rate        | 0.0003      |
|    loss                 | 743         |
|    n_updates            | 1440        |
|    policy_gradient_loss | -0.0157     |
|    std                  | 0.988       |
|    value_loss           | 1.53e+03    |
-----------------------------------------
-----------------------------------------
| rollout/                |             |
|    ep_len_mean          | 77.9        |
|    ep_rew_mean          | 379         |
| time/                   |             |
|    fps                  | 479         |
|    iterations           | 146         |
|    time_elapsed         | 1870        |
|    total_timesteps      | 897024      |
| train/                  |             |
|    approx_kl            | 0.007789303 |
|    clip_fraction        | 0.0268      |
|    clip_range           | 0.2         |
|    entropy_loss         | -23.9       |
|    explained_variance   | 0.733       |
|    learning_rate        | 0.0003      |
|    loss                 | 658         |
|    n_updates            | 1450        |
|    policy_gradient_loss | -0.015      |
|    std                  | 0.987       |
|    value_loss           | 1.36e+03    |
-----------------------------------------
-----------------------------------------
| rollout/                |             |
|    ep_len_mean          | 74.2        |
|    ep_rew_mean          | 365         |
| time/                   |             |
|    fps                  | 479         |
|    iterations           | 147         |
|    time_elapsed         | 1884        |
|    total_timesteps      | 903168      |
| train/                  |             |
|    approx_kl            | 0.008047528 |
|    clip_fraction        | 0.0283      |
|    clip_range           | 0.2         |
|    entropy_loss         | -23.9       |
|    explained_variance   | 0.719       |
|    learning_rate        | 0.0003      |
|    loss                 | 713         |
|    n_updates            | 1460        |
|    policy_gradient_loss | -0.0147     |
|    std                  | 0.987       |
|    value_loss           | 1.47e+03    |
-----------------------------------------
-----------------------------------------
| rollout/                |             |
|    ep_len_mean          | 78.6        |
|    ep_rew_mean          | 384         |
| time/                   |             |
|    fps                  | 478         |
|    iterations           | 148         |
|    time_elapsed         | 1901        |
|    total_timesteps      | 909312      |
| train/                  |             |
|    approx_kl            | 0.007854058 |
|    clip_fraction        | 0.0247      |
|    clip_range           | 0.2         |
|    entropy_loss         | -23.9       |
|    explained_variance   | 0.737       |
|    learning_rate        | 0.0003      |
|    loss                 | 663         |
|    n_updates            | 1470        |
|    policy_gradient_loss | -0.0151     |
|    std                  | 0.987       |
|    value_loss           | 1.37e+03    |
-----------------------------------------
----------------------------------------
| rollout/                |            |
|    ep_len_mean          | 77.4       |
|    ep_rew_mean          | 384        |
| time/                   |            |
|    fps                  | 478        |
|    iterations           | 149        |
|    time_elapsed         | 1912       |
|    total_timesteps      | 915456     |
| train/                  |            |
|    approx_kl            | 0.00907499 |
|    clip_fraction        | 0.0335     |
|    clip_range           | 0.2        |
|    entropy_loss         | -23.9      |
|    explained_variance   | 0.75       |
|    learning_rate        | 0.0003     |
|    loss                 | 659        |
|    n_updates            | 1480       |
|    policy_gradient_loss | -0.0153    |
|    std                  | 0.987      |
|    value_loss           | 1.35e+03   |
----------------------------------------
-----------------------------------------
| rollout/                |             |
|    ep_len_mean          | 77          |
|    ep_rew_mean          | 379         |
| time/                   |             |
|    fps                  | 479         |
|    iterations           | 150         |
|    time_elapsed         | 1923        |
|    total_timesteps      | 921600      |
| train/                  |             |
|    approx_kl            | 0.008494408 |
|    clip_fraction        | 0.03        |
|    clip_range           | 0.2         |
|    entropy_loss         | -23.9       |
|    explained_variance   | 0.741       |
|    learning_rate        | 0.0003      |
|    loss                 | 693         |
|    n_updates            | 1490        |
|    policy_gradient_loss | -0.0147     |
|    std                  | 0.987       |
|    value_loss           | 1.43e+03    |
-----------------------------------------
-----------------------------------------
| rollout/                |             |
|    ep_len_mean          | 77.1        |
|    ep_rew_mean          | 381         |
| time/                   |             |
|    fps                  | 478         |
|    iterations           | 151         |
|    time_elapsed         | 1937        |
|    total_timesteps      | 927744      |
| train/                  |             |
|    approx_kl            | 0.007109815 |
|    clip_fraction        | 0.0205      |
|    clip_range           | 0.2         |
|    entropy_loss         | -23.9       |
|    explained_variance   | 0.739       |
|    learning_rate        | 0.0003      |
|    loss                 | 666         |
|    n_updates            | 1500        |
|    policy_gradient_loss | -0.0144     |
|    std                  | 0.986       |
|    value_loss           | 1.37e+03    |
-----------------------------------------
-----------------------------------------
| rollout/                |             |
|    ep_len_mean          | 78.4        |
|    ep_rew_mean          | 382         |
| time/                   |             |
|    fps                  | 478         |
|    iterations           | 152         |
|    time_elapsed         | 1950        |
|    total_timesteps      | 933888      |
| train/                  |             |
|    approx_kl            | 0.010171371 |
|    clip_fraction        | 0.0396      |
|    clip_range           | 0.2         |
|    entropy_loss         | -23.9       |
|    explained_variance   | 0.763       |
|    learning_rate        | 0.0003      |
|    loss                 | 660         |
|    n_updates            | 1510        |
|    policy_gradient_loss | -0.016      |
|    std                  | 0.986       |
|    value_loss           | 1.36e+03    |
-----------------------------------------
-----------------------------------------
| rollout/                |             |
|    ep_len_mean          | 74.7        |
|    ep_rew_mean          | 367         |
| time/                   |             |
|    fps                  | 478         |
|    iterations           | 153         |
|    time_elapsed         | 1962        |
|    total_timesteps      | 940032      |
| train/                  |             |
|    approx_kl            | 0.007260468 |
|    clip_fraction        | 0.0226      |
|    clip_range           | 0.2         |
|    entropy_loss         | -23.9       |
|    explained_variance   | 0.767       |
|    learning_rate        | 0.0003      |
|    loss                 | 646         |
|    n_updates            | 1520        |
|    policy_gradient_loss | -0.0139     |
|    std                  | 0.986       |
|    value_loss           | 1.33e+03    |
-----------------------------------------
-----------------------------------------
| rollout/                |             |
|    ep_len_mean          | 77          |
|    ep_rew_mean          | 377         |
| time/                   |             |
|    fps                  | 478         |
|    iterations           | 154         |
|    time_elapsed         | 1977        |
|    total_timesteps      | 946176      |
| train/                  |             |
|    approx_kl            | 0.008607699 |
|    clip_fraction        | 0.0288      |
|    clip_range           | 0.2         |
|    entropy_loss         | -23.9       |
|    explained_variance   | 0.763       |
|    learning_rate        | 0.0003      |
|    loss                 | 630         |
|    n_updates            | 1530        |
|    policy_gradient_loss | -0.0159     |
|    std                  | 0.986       |
|    value_loss           | 1.3e+03     |
-----------------------------------------
-----------------------------------------
| rollout/                |             |
|    ep_len_mean          | 75.1        |
|    ep_rew_mean          | 369         |
| time/                   |             |
|    fps                  | 478         |
|    iterations           | 155         |
|    time_elapsed         | 1991        |
|    total_timesteps      | 952320      |
| train/                  |             |
|    approx_kl            | 0.009425621 |
|    clip_fraction        | 0.0351      |
|    clip_range           | 0.2         |
|    entropy_loss         | -23.9       |
|    explained_variance   | 0.757       |
|    learning_rate        | 0.0003      |
|    loss                 | 640         |
|    n_updates            | 1540        |
|    policy_gradient_loss | -0.0162     |
|    std                  | 0.986       |
|    value_loss           | 1.32e+03    |
-----------------------------------------
-----------------------------------------
| rollout/                |             |
|    ep_len_mean          | 78.1        |
|    ep_rew_mean          | 381         |
| time/                   |             |
|    fps                  | 478         |
|    iterations           | 156         |
|    time_elapsed         | 2003        |
|    total_timesteps      | 958464      |
| train/                  |             |
|    approx_kl            | 0.008521733 |
|    clip_fraction        | 0.0301      |
|    clip_range           | 0.2         |
|    entropy_loss         | -23.9       |
|    explained_variance   | 0.762       |
|    learning_rate        | 0.0003      |
|    loss                 | 634         |
|    n_updates            | 1550        |
|    policy_gradient_loss | -0.0144     |
|    std                  | 0.986       |
|    value_loss           | 1.31e+03    |
-----------------------------------------
-----------------------------------------
| rollout/                |             |
|    ep_len_mean          | 78          |
|    ep_rew_mean          | 387         |
| time/                   |             |
|    fps                  | 479         |
|    iterations           | 157         |
|    time_elapsed         | 2013        |
|    total_timesteps      | 964608      |
| train/                  |             |
|    approx_kl            | 0.007215435 |
|    clip_fraction        | 0.0223      |
|    clip_range           | 0.2         |
|    entropy_loss         | -23.9       |
|    explained_variance   | 0.789       |
|    learning_rate        | 0.0003      |
|    loss                 | 619         |
|    n_updates            | 1560        |
|    policy_gradient_loss | -0.0148     |
|    std                  | 0.986       |
|    value_loss           | 1.27e+03    |
-----------------------------------------
-----------------------------------------
| rollout/                |             |
|    ep_len_mean          | 76.5        |
|    ep_rew_mean          | 376         |
| time/                   |             |
|    fps                  | 478         |
|    iterations           | 158         |
|    time_elapsed         | 2026        |
|    total_timesteps      | 970752      |
| train/                  |             |
|    approx_kl            | 0.007592046 |
|    clip_fraction        | 0.0238      |
|    clip_range           | 0.2         |
|    entropy_loss         | -23.9       |
|    explained_variance   | 0.779       |
|    learning_rate        | 0.0003      |
|    loss                 | 624         |
|    n_updates            | 1570        |
|    policy_gradient_loss | -0.0135     |
|    std                  | 0.986       |
|    value_loss           | 1.28e+03    |
-----------------------------------------
-----------------------------------------
| rollout/                |             |
|    ep_len_mean          | 74.4        |
|    ep_rew_mean          | 371         |
| time/                   |             |
|    fps                  | 478         |
|    iterations           | 159         |
|    time_elapsed         | 2040        |
|    total_timesteps      | 976896      |
| train/                  |             |
|    approx_kl            | 0.009011468 |
|    clip_fraction        | 0.0359      |
|    clip_range           | 0.2         |
|    entropy_loss         | -23.9       |
|    explained_variance   | 0.784       |
|    learning_rate        | 0.0003      |
|    loss                 | 615         |
|    n_updates            | 1580        |
|    policy_gradient_loss | -0.0162     |
|    std                  | 0.986       |
|    value_loss           | 1.27e+03    |
-----------------------------------------
-----------------------------------------
| rollout/                |             |
|    ep_len_mean          | 74.9        |
|    ep_rew_mean          | 373         |
| time/                   |             |
|    fps                  | 478         |
|    iterations           | 160         |
|    time_elapsed         | 2053        |
|    total_timesteps      | 983040      |
| train/                  |             |
|    approx_kl            | 0.009677331 |
|    clip_fraction        | 0.0384      |
|    clip_range           | 0.2         |
|    entropy_loss         | -23.9       |
|    explained_variance   | 0.795       |
|    learning_rate        | 0.0003      |
|    loss                 | 593         |
|    n_updates            | 1590        |
|    policy_gradient_loss | -0.0163     |
|    std                  | 0.985       |
|    value_loss           | 1.22e+03    |
-----------------------------------------
-----------------------------------------
| rollout/                |             |
|    ep_len_mean          | 78          |
|    ep_rew_mean          | 379         |
| time/                   |             |
|    fps                  | 478         |
|    iterations           | 161         |
|    time_elapsed         | 2066        |
|    total_timesteps      | 989184      |
| train/                  |             |
|    approx_kl            | 0.010424159 |
|    clip_fraction        | 0.0419      |
|    clip_range           | 0.2         |
|    entropy_loss         | -23.9       |
|    explained_variance   | 0.796       |
|    learning_rate        | 0.0003      |
|    loss                 | 582         |
|    n_updates            | 1600        |
|    policy_gradient_loss | -0.0172     |
|    std                  | 0.985       |
|    value_loss           | 1.2e+03     |
-----------------------------------------
-----------------------------------------
| rollout/                |             |
|    ep_len_mean          | 77.3        |
|    ep_rew_mean          | 380         |
| time/                   |             |
|    fps                  | 478         |
|    iterations           | 162         |
|    time_elapsed         | 2079        |
|    total_timesteps      | 995328      |
| train/                  |             |
|    approx_kl            | 0.009300794 |
|    clip_fraction        | 0.0362      |
|    clip_range           | 0.2         |
|    entropy_loss         | -23.9       |
|    explained_variance   | 0.794       |
|    learning_rate        | 0.0003      |
|    loss                 | 583         |
|    n_updates            | 1610        |
|    policy_gradient_loss | -0.0161     |
|    std                  | 0.985       |
|    value_loss           | 1.2e+03     |
-----------------------------------------
-----------------------------------------
| rollout/                |             |
|    ep_len_mean          | 75.8        |
|    ep_rew_mean          | 376         |
| time/                   |             |
|    fps                  | 478         |
|    iterations           | 163         |
|    time_elapsed         | 2093        |
|    total_timesteps      | 1001472     |
| train/                  |             |
|    approx_kl            | 0.009033252 |
|    clip_fraction        | 0.0316      |
|    clip_range           | 0.2         |
|    entropy_loss         | -23.9       |
|    explained_variance   | 0.804       |
|    learning_rate        | 0.0003      |
|    loss                 | 583         |
|    n_updates            | 1620        |
|    policy_gradient_loss | -0.0156     |
|    std                  | 0.985       |
|    value_loss           | 1.2e+03     |
-----------------------------------------
-----------------------------------------
| rollout/                |             |
|    ep_len_mean          | 77.8        |
|    ep_rew_mean          | 385         |
| time/                   |             |
|    fps                  | 478         |
|    iterations           | 164         |
|    time_elapsed         | 2104        |
|    total_timesteps      | 1007616     |
| train/                  |             |
|    approx_kl            | 0.009674805 |
|    clip_fraction        | 0.0365      |
|    clip_range           | 0.2         |
|    entropy_loss         | -23.9       |
|    explained_variance   | 0.807       |
|    learning_rate        | 0.0003      |
|    loss                 | 587         |
|    n_updates            | 1630        |
|    policy_gradient_loss | -0.016      |
|    std                  | 0.985       |
|    value_loss           | 1.21e+03    |
-----------------------------------------
-----------------------------------------
| rollout/                |             |
|    ep_len_mean          | 76.8        |
|    ep_rew_mean          | 379         |
| time/                   |             |
|    fps                  | 478         |
|    iterations           | 165         |
|    time_elapsed         | 2116        |
|    total_timesteps      | 1013760     |
| train/                  |             |
|    approx_kl            | 0.010159475 |
|    clip_fraction        | 0.04        |
|    clip_range           | 0.2         |
|    entropy_loss         | -23.9       |
|    explained_variance   | 0.809       |
|    learning_rate        | 0.0003      |
|    loss                 | 574         |
|    n_updates            | 1640        |
|    policy_gradient_loss | -0.0162     |
|    std                  | 0.985       |
|    value_loss           | 1.18e+03    |
-----------------------------------------
------------------------------------------
| rollout/                |              |
|    ep_len_mean          | 76.8         |
|    ep_rew_mean          | 382          |
| time/                   |              |
|    fps                  | 479          |
|    iterations           | 166          |
|    time_elapsed         | 2127         |
|    total_timesteps      | 1019904      |
| train/                  |              |
|    approx_kl            | 0.0072957315 |
|    clip_fraction        | 0.0233       |
|    clip_range           | 0.2          |
|    entropy_loss         | -23.9        |
|    explained_variance   | 0.781        |
|    learning_rate        | 0.0003       |
|    loss                 | 587          |
|    n_updates            | 1650         |
|    policy_gradient_loss | -0.0152      |
|    std                  | 0.985        |
|    value_loss           | 1.22e+03     |
------------------------------------------
-----------------------------------------
| rollout/                |             |
|    ep_len_mean          | 76.8        |
|    ep_rew_mean          | 377         |
| time/                   |             |
|    fps                  | 479         |
|    iterations           | 167         |
|    time_elapsed         | 2139        |
|    total_timesteps      | 1026048     |
| train/                  |             |
|    approx_kl            | 0.008662139 |
|    clip_fraction        | 0.0322      |
|    clip_range           | 0.2         |
|    entropy_loss         | -23.9       |
|    explained_variance   | 0.8         |
|    learning_rate        | 0.0003      |
|    loss                 | 579         |
|    n_updates            | 1660        |
|    policy_gradient_loss | -0.0159     |
|    std                  | 0.985       |
|    value_loss           | 1.19e+03    |
-----------------------------------------
-----------------------------------------
| rollout/                |             |
|    ep_len_mean          | 79.1        |
|    ep_rew_mean          | 386         |
| time/                   |             |
|    fps                  | 479         |
|    iterations           | 168         |
|    time_elapsed         | 2151        |
|    total_timesteps      | 1032192     |
| train/                  |             |
|    approx_kl            | 0.009424354 |
|    clip_fraction        | 0.0348      |
|    clip_range           | 0.2         |
|    entropy_loss         | -23.9       |
|    explained_variance   | 0.804       |
|    learning_rate        | 0.0003      |
|    loss                 | 571         |
|    n_updates            | 1670        |
|    policy_gradient_loss | -0.0169     |
|    std                  | 0.985       |
|    value_loss           | 1.18e+03    |
-----------------------------------------
----------------------------------------
| rollout/                |            |
|    ep_len_mean          | 75.2       |
|    ep_rew_mean          | 372        |
| time/                   |            |
|    fps                  | 480        |
|    iterations           | 169        |
|    time_elapsed         | 2163       |
|    total_timesteps      | 1038336    |
| train/                  |            |
|    approx_kl            | 0.01272189 |
|    clip_fraction        | 0.0595     |
|    clip_range           | 0.2        |
|    entropy_loss         | -23.8      |
|    explained_variance   | 0.797      |
|    learning_rate        | 0.0003     |
|    loss                 | 587        |
|    n_updates            | 1680       |
|    policy_gradient_loss | -0.0177    |
|    std                  | 0.984      |
|    value_loss           | 1.21e+03   |
----------------------------------------
-----------------------------------------
| rollout/                |             |
|    ep_len_mean          | 74.3        |
|    ep_rew_mean          | 375         |
| time/                   |             |
|    fps                  | 480         |
|    iterations           | 170         |
|    time_elapsed         | 2175        |
|    total_timesteps      | 1044480     |
| train/                  |             |
|    approx_kl            | 0.009466488 |
|    clip_fraction        | 0.0347      |
|    clip_range           | 0.2         |
|    entropy_loss         | -23.8       |
|    explained_variance   | 0.821       |
|    learning_rate        | 0.0003      |
|    loss                 | 526         |
|    n_updates            | 1690        |
|    policy_gradient_loss | -0.0178     |
|    std                  | 0.984       |
|    value_loss           | 1.08e+03    |
-----------------------------------------
-----------------------------------------
| rollout/                |             |
|    ep_len_mean          | 77.7        |
|    ep_rew_mean          | 383         |
| time/                   |             |
|    fps                  | 480         |
|    iterations           | 171         |
|    time_elapsed         | 2187        |
|    total_timesteps      | 1050624     |
| train/                  |             |
|    approx_kl            | 0.009019866 |
|    clip_fraction        | 0.0324      |
|    clip_range           | 0.2         |
|    entropy_loss         | -23.8       |
|    explained_variance   | 0.816       |
|    learning_rate        | 0.0003      |
|    loss                 | 577         |
|    n_updates            | 1700        |
|    policy_gradient_loss | -0.0148     |
|    std                  | 0.984       |
|    value_loss           | 1.18e+03    |
-----------------------------------------
-----------------------------------------
| rollout/                |             |
|    ep_len_mean          | 76.5        |
|    ep_rew_mean          | 375         |
| time/                   |             |
|    fps                  | 480         |
|    iterations           | 172         |
|    time_elapsed         | 2199        |
|    total_timesteps      | 1056768     |
| train/                  |             |
|    approx_kl            | 0.009185749 |
|    clip_fraction        | 0.0342      |
|    clip_range           | 0.2         |
|    entropy_loss         | -23.8       |
|    explained_variance   | 0.824       |
|    learning_rate        | 0.0003      |
|    loss                 | 534         |
|    n_updates            | 1710        |
|    policy_gradient_loss | -0.0163     |
|    std                  | 0.984       |
|    value_loss           | 1.1e+03     |
-----------------------------------------
-----------------------------------------
| rollout/                |             |
|    ep_len_mean          | 75.7        |
|    ep_rew_mean          | 379         |
| time/                   |             |
|    fps                  | 480         |
|    iterations           | 173         |
|    time_elapsed         | 2211        |
|    total_timesteps      | 1062912     |
| train/                  |             |
|    approx_kl            | 0.009359739 |
|    clip_fraction        | 0.0359      |
|    clip_range           | 0.2         |
|    entropy_loss         | -23.9       |
|    explained_variance   | 0.821       |
|    learning_rate        | 0.0003      |
|    loss                 | 538         |
|    n_updates            | 1720        |
|    policy_gradient_loss | -0.0159     |
|    std                  | 0.985       |
|    value_loss           | 1.11e+03    |
-----------------------------------------
-----------------------------------------
| rollout/                |             |
|    ep_len_mean          | 77.9        |
|    ep_rew_mean          | 384         |
| time/                   |             |
|    fps                  | 480         |
|    iterations           | 174         |
|    time_elapsed         | 2222        |
|    total_timesteps      | 1069056     |
| train/                  |             |
|    approx_kl            | 0.008283784 |
|    clip_fraction        | 0.0291      |
|    clip_range           | 0.2         |
|    entropy_loss         | -23.9       |
|    explained_variance   | 0.827       |
|    learning_rate        | 0.0003      |
|    loss                 | 520         |
|    n_updates            | 1730        |
|    policy_gradient_loss | -0.016      |
|    std                  | 0.985       |
|    value_loss           | 1.07e+03    |
-----------------------------------------
-----------------------------------------
| rollout/                |             |
|    ep_len_mean          | 77.9        |
|    ep_rew_mean          | 387         |
| time/                   |             |
|    fps                  | 481         |
|    iterations           | 175         |
|    time_elapsed         | 2233        |
|    total_timesteps      | 1075200     |
| train/                  |             |
|    approx_kl            | 0.010858593 |
|    clip_fraction        | 0.0427      |
|    clip_range           | 0.2         |
|    entropy_loss         | -23.9       |
|    explained_variance   | 0.82        |
|    learning_rate        | 0.0003      |
|    loss                 | 535         |
|    n_updates            | 1740        |
|    policy_gradient_loss | -0.0182     |
|    std                  | 0.984       |
|    value_loss           | 1.1e+03     |
-----------------------------------------
-----------------------------------------
| rollout/                |             |
|    ep_len_mean          | 75.9        |
|    ep_rew_mean          | 383         |
| time/                   |             |
|    fps                  | 481         |
|    iterations           | 176         |
|    time_elapsed         | 2245        |
|    total_timesteps      | 1081344     |
| train/                  |             |
|    approx_kl            | 0.009483914 |
|    clip_fraction        | 0.0345      |
|    clip_range           | 0.2         |
|    entropy_loss         | -23.8       |
|    explained_variance   | 0.813       |
|    learning_rate        | 0.0003      |
|    loss                 | 566         |
|    n_updates            | 1750        |
|    policy_gradient_loss | -0.0157     |
|    std                  | 0.984       |
|    value_loss           | 1.17e+03    |
-----------------------------------------
----------------------------------------
| rollout/                |            |
|    ep_len_mean          | 75.7       |
|    ep_rew_mean          | 375        |
| time/                   |            |
|    fps                  | 481        |
|    iterations           | 177        |
|    time_elapsed         | 2257       |
|    total_timesteps      | 1087488    |
| train/                  |            |
|    approx_kl            | 0.00869184 |
|    clip_fraction        | 0.0312     |
|    clip_range           | 0.2        |
|    entropy_loss         | -23.8      |
|    explained_variance   | 0.815      |
|    learning_rate        | 0.0003     |
|    loss                 | 562        |
|    n_updates            | 1760       |
|    policy_gradient_loss | -0.015     |
|    std                  | 0.983      |
|    value_loss           | 1.16e+03   |
----------------------------------------
-----------------------------------------
| rollout/                |             |
|    ep_len_mean          | 78.3        |
|    ep_rew_mean          | 392         |
| time/                   |             |
|    fps                  | 481         |
|    iterations           | 178         |
|    time_elapsed         | 2270        |
|    total_timesteps      | 1093632     |
| train/                  |             |
|    approx_kl            | 0.008906386 |
|    clip_fraction        | 0.0334      |
|    clip_range           | 0.2         |
|    entropy_loss         | -23.8       |
|    explained_variance   | 0.826       |
|    learning_rate        | 0.0003      |
|    loss                 | 506         |
|    n_updates            | 1770        |
|    policy_gradient_loss | -0.0163     |
|    std                  | 0.983       |
|    value_loss           | 1.04e+03    |
-----------------------------------------
-----------------------------------------
| rollout/                |             |
|    ep_len_mean          | 78.7        |
|    ep_rew_mean          | 393         |
| time/                   |             |
|    fps                  | 481         |
|    iterations           | 179         |
|    time_elapsed         | 2282        |
|    total_timesteps      | 1099776     |
| train/                  |             |
|    approx_kl            | 0.007969811 |
|    clip_fraction        | 0.0271      |
|    clip_range           | 0.2         |
|    entropy_loss         | -23.8       |
|    explained_variance   | 0.829       |
|    learning_rate        | 0.0003      |
|    loss                 | 557         |
|    n_updates            | 1780        |
|    policy_gradient_loss | -0.0143     |
|    std                  | 0.982       |
|    value_loss           | 1.14e+03    |
-----------------------------------------
------------------------------------------
| rollout/                |              |
|    ep_len_mean          | 80           |
|    ep_rew_mean          | 399          |
| time/                   |              |
|    fps                  | 481          |
|    iterations           | 180          |
|    time_elapsed         | 2294         |
|    total_timesteps      | 1105920      |
| train/                  |              |
|    approx_kl            | 0.0083578415 |
|    clip_fraction        | 0.0297       |
|    clip_range           | 0.2          |
|    entropy_loss         | -23.8        |
|    explained_variance   | 0.824        |
|    learning_rate        | 0.0003       |
|    loss                 | 546          |
|    n_updates            | 1790         |
|    policy_gradient_loss | -0.016       |
|    std                  | 0.982        |
|    value_loss           | 1.12e+03     |
------------------------------------------
----------------------------------------
| rollout/                |            |
|    ep_len_mean          | 79.9       |
|    ep_rew_mean          | 396        |
| time/                   |            |
|    fps                  | 481        |
|    iterations           | 181        |
|    time_elapsed         | 2308       |
|    total_timesteps      | 1112064    |
| train/                  |            |
|    approx_kl            | 0.00866206 |
|    clip_fraction        | 0.0331     |
|    clip_range           | 0.2        |
|    entropy_loss         | -23.8      |
|    explained_variance   | 0.822      |
|    learning_rate        | 0.0003     |
|    loss                 | 555        |
|    n_updates            | 1800       |
|    policy_gradient_loss | -0.0149    |
|    std                  | 0.982      |
|    value_loss           | 1.14e+03   |
----------------------------------------
------------------------------------------
| rollout/                |              |
|    ep_len_mean          | 75.7         |
|    ep_rew_mean          | 379          |
| time/                   |              |
|    fps                  | 482          |
|    iterations           | 182          |
|    time_elapsed         | 2319         |
|    total_timesteps      | 1118208      |
| train/                  |              |
|    approx_kl            | 0.0098498985 |
|    clip_fraction        | 0.0383       |
|    clip_range           | 0.2          |
|    entropy_loss         | -23.8        |
|    explained_variance   | 0.831        |
|    learning_rate        | 0.0003       |
|    loss                 | 527          |
|    n_updates            | 1810         |
|    policy_gradient_loss | -0.0163      |
|    std                  | 0.982        |
|    value_loss           | 1.09e+03     |
------------------------------------------
-----------------------------------------
| rollout/                |             |
|    ep_len_mean          | 80.2        |
|    ep_rew_mean          | 394         |
| time/                   |             |
|    fps                  | 481         |
|    iterations           | 183         |
|    time_elapsed         | 2334        |
|    total_timesteps      | 1124352     |
| train/                  |             |
|    approx_kl            | 0.010158371 |
|    clip_fraction        | 0.0409      |
|    clip_range           | 0.2         |
|    entropy_loss         | -23.8       |
|    explained_variance   | 0.836       |
|    learning_rate        | 0.0003      |
|    loss                 | 498         |
|    n_updates            | 1820        |
|    policy_gradient_loss | -0.0178     |
|    std                  | 0.981       |
|    value_loss           | 1.03e+03    |
-----------------------------------------
-----------------------------------------
| rollout/                |             |
|    ep_len_mean          | 80.1        |
|    ep_rew_mean          | 400         |
| time/                   |             |
|    fps                  | 481         |
|    iterations           | 184         |
|    time_elapsed         | 2346        |
|    total_timesteps      | 1130496     |
| train/                  |             |
|    approx_kl            | 0.009160756 |
|    clip_fraction        | 0.0325      |
|    clip_range           | 0.2         |
|    entropy_loss         | -23.8       |
|    explained_variance   | 0.829       |
|    learning_rate        | 0.0003      |
|    loss                 | 526         |
|    n_updates            | 1830        |
|    policy_gradient_loss | -0.0155     |
|    std                  | 0.981       |
|    value_loss           | 1.08e+03    |
-----------------------------------------
-----------------------------------------
| rollout/                |             |
|    ep_len_mean          | 82.3        |
|    ep_rew_mean          | 409         |
| time/                   |             |
|    fps                  | 481         |
|    iterations           | 185         |
|    time_elapsed         | 2359        |
|    total_timesteps      | 1136640     |
| train/                  |             |
|    approx_kl            | 0.011495522 |
|    clip_fraction        | 0.0534      |
|    clip_range           | 0.2         |
|    entropy_loss         | -23.8       |
|    explained_variance   | 0.847       |
|    learning_rate        | 0.0003      |
|    loss                 | 506         |
|    n_updates            | 1840        |
|    policy_gradient_loss | -0.0178     |
|    std                  | 0.981       |
|    value_loss           | 1.04e+03    |
-----------------------------------------
-----------------------------------------
| rollout/                |             |
|    ep_len_mean          | 81.5        |
|    ep_rew_mean          | 401         |
| time/                   |             |
|    fps                  | 481         |
|    iterations           | 186         |
|    time_elapsed         | 2373        |
|    total_timesteps      | 1142784     |
| train/                  |             |
|    approx_kl            | 0.008244461 |
|    clip_fraction        | 0.028       |
|    clip_range           | 0.2         |
|    entropy_loss         | -23.8       |
|    explained_variance   | 0.842       |
|    learning_rate        | 0.0003      |
|    loss                 | 543         |
|    n_updates            | 1850        |
|    policy_gradient_loss | -0.0143     |
|    std                  | 0.981       |
|    value_loss           | 1.12e+03    |
-----------------------------------------
-----------------------------------------
| rollout/                |             |
|    ep_len_mean          | 79.2        |
|    ep_rew_mean          | 392         |
| time/                   |             |
|    fps                  | 481         |
|    iterations           | 187         |
|    time_elapsed         | 2385        |
|    total_timesteps      | 1148928     |
| train/                  |             |
|    approx_kl            | 0.008342399 |
|    clip_fraction        | 0.0304      |
|    clip_range           | 0.2         |
|    entropy_loss         | -23.8       |
|    explained_variance   | 0.831       |
|    learning_rate        | 0.0003      |
|    loss                 | 511         |
|    n_updates            | 1860        |
|    policy_gradient_loss | -0.0151     |
|    std                  | 0.981       |
|    value_loss           | 1.05e+03    |
-----------------------------------------
-----------------------------------------
| rollout/                |             |
|    ep_len_mean          | 81.6        |
|    ep_rew_mean          | 409         |
| time/                   |             |
|    fps                  | 481         |
|    iterations           | 188         |
|    time_elapsed         | 2398        |
|    total_timesteps      | 1155072     |
| train/                  |             |
|    approx_kl            | 0.008655832 |
|    clip_fraction        | 0.0319      |
|    clip_range           | 0.2         |
|    entropy_loss         | -23.8       |
|    explained_variance   | 0.847       |
|    learning_rate        | 0.0003      |
|    loss                 | 499         |
|    n_updates            | 1870        |
|    policy_gradient_loss | -0.0143     |
|    std                  | 0.981       |
|    value_loss           | 1.02e+03    |
-----------------------------------------
-----------------------------------------
| rollout/                |             |
|    ep_len_mean          | 78.7        |
|    ep_rew_mean          | 392         |
| time/                   |             |
|    fps                  | 481         |
|    iterations           | 189         |
|    time_elapsed         | 2410        |
|    total_timesteps      | 1161216     |
| train/                  |             |
|    approx_kl            | 0.009256645 |
|    clip_fraction        | 0.036       |
|    clip_range           | 0.2         |
|    entropy_loss         | -23.8       |
|    explained_variance   | 0.845       |
|    learning_rate        | 0.0003      |
|    loss                 | 527         |
|    n_updates            | 1880        |
|    policy_gradient_loss | -0.0161     |
|    std                  | 0.981       |
|    value_loss           | 1.08e+03    |
-----------------------------------------
-----------------------------------------
| rollout/                |             |
|    ep_len_mean          | 81.1        |
|    ep_rew_mean          | 398         |
| time/                   |             |
|    fps                  | 481         |
|    iterations           | 190         |
|    time_elapsed         | 2422        |
|    total_timesteps      | 1167360     |
| train/                  |             |
|    approx_kl            | 0.009340651 |
|    clip_fraction        | 0.0357      |
|    clip_range           | 0.2         |
|    entropy_loss         | -23.8       |
|    explained_variance   | 0.853       |
|    learning_rate        | 0.0003      |
|    loss                 | 486         |
|    n_updates            | 1890        |
|    policy_gradient_loss | -0.0157     |
|    std                  | 0.981       |
|    value_loss           | 1e+03       |
-----------------------------------------
-----------------------------------------
| rollout/                |             |
|    ep_len_mean          | 79.2        |
|    ep_rew_mean          | 391         |
| time/                   |             |
|    fps                  | 481         |
|    iterations           | 191         |
|    time_elapsed         | 2436        |
|    total_timesteps      | 1173504     |
| train/                  |             |
|    approx_kl            | 0.009597657 |
|    clip_fraction        | 0.0363      |
|    clip_range           | 0.2         |
|    entropy_loss         | -23.8       |
|    explained_variance   | 0.851       |
|    learning_rate        | 0.0003      |
|    loss                 | 479         |
|    n_updates            | 1900        |
|    policy_gradient_loss | -0.0163     |
|    std                  | 0.98        |
|    value_loss           | 986         |
-----------------------------------------
-----------------------------------------
| rollout/                |             |
|    ep_len_mean          | 82.3        |
|    ep_rew_mean          | 414         |
| time/                   |             |
|    fps                  | 480         |
|    iterations           | 192         |
|    time_elapsed         | 2453        |
|    total_timesteps      | 1179648     |
| train/                  |             |
|    approx_kl            | 0.010365331 |
|    clip_fraction        | 0.0408      |
|    clip_range           | 0.2         |
|    entropy_loss         | -23.8       |
|    explained_variance   | 0.859       |
|    learning_rate        | 0.0003      |
|    loss                 | 453         |
|    n_updates            | 1910        |
|    policy_gradient_loss | -0.0177     |
|    std                  | 0.98        |
|    value_loss           | 936         |
-----------------------------------------
-----------------------------------------
| rollout/                |             |
|    ep_len_mean          | 81.8        |
|    ep_rew_mean          | 414         |
| time/                   |             |
|    fps                  | 480         |
|    iterations           | 193         |
|    time_elapsed         | 2466        |
|    total_timesteps      | 1185792     |
| train/                  |             |
|    approx_kl            | 0.008478376 |
|    clip_fraction        | 0.029       |
|    clip_range           | 0.2         |
|    entropy_loss         | -23.8       |
|    explained_variance   | 0.847       |
|    learning_rate        | 0.0003      |
|    loss                 | 542         |
|    n_updates            | 1920        |
|    policy_gradient_loss | -0.0148     |
|    std                  | 0.98        |
|    value_loss           | 1.11e+03    |
-----------------------------------------
-----------------------------------------
| rollout/                |             |
|    ep_len_mean          | 79.1        |
|    ep_rew_mean          | 389         |
| time/                   |             |
|    fps                  | 480         |
|    iterations           | 194         |
|    time_elapsed         | 2478        |
|    total_timesteps      | 1191936     |
| train/                  |             |
|    approx_kl            | 0.008529774 |
|    clip_fraction        | 0.0297      |
|    clip_range           | 0.2         |
|    entropy_loss         | -23.8       |
|    explained_variance   | 0.846       |
|    learning_rate        | 0.0003      |
|    loss                 | 505         |
|    n_updates            | 1930        |
|    policy_gradient_loss | -0.0152     |
|    std                  | 0.979       |
|    value_loss           | 1.04e+03    |
-----------------------------------------
------------------------------------------
| rollout/                |              |
|    ep_len_mean          | 80.7         |
|    ep_rew_mean          | 401          |
| time/                   |              |
|    fps                  | 480          |
|    iterations           | 195          |
|    time_elapsed         | 2492         |
|    total_timesteps      | 1198080      |
| train/                  |              |
|    approx_kl            | 0.0120913265 |
|    clip_fraction        | 0.0593       |
|    clip_range           | 0.2          |
|    entropy_loss         | -23.8        |
|    explained_variance   | 0.855        |
|    learning_rate        | 0.0003       |
|    loss                 | 441          |
|    n_updates            | 1940         |
|    policy_gradient_loss | -0.0175      |
|    std                  | 0.979        |
|    value_loss           | 911          |
------------------------------------------
-----------------------------------------
| rollout/                |             |
|    ep_len_mean          | 80.8        |
|    ep_rew_mean          | 399         |
| time/                   |             |
|    fps                  | 480         |
|    iterations           | 196         |
|    time_elapsed         | 2506        |
|    total_timesteps      | 1204224     |
| train/                  |             |
|    approx_kl            | 0.010834482 |
|    clip_fraction        | 0.0501      |
|    clip_range           | 0.2         |
|    entropy_loss         | -23.8       |
|    explained_variance   | 0.852       |
|    learning_rate        | 0.0003      |
|    loss                 | 486         |
|    n_updates            | 1950        |
|    policy_gradient_loss | -0.0174     |
|    std                  | 0.979       |
|    value_loss           | 1e+03       |
-----------------------------------------
-----------------------------------------
| rollout/                |             |
|    ep_len_mean          | 80.5        |
|    ep_rew_mean          | 400         |
| time/                   |             |
|    fps                  | 480         |
|    iterations           | 197         |
|    time_elapsed         | 2519        |
|    total_timesteps      | 1210368     |
| train/                  |             |
|    approx_kl            | 0.008811249 |
|    clip_fraction        | 0.0344      |
|    clip_range           | 0.2         |
|    entropy_loss         | -23.8       |
|    explained_variance   | 0.853       |
|    learning_rate        | 0.0003      |
|    loss                 | 471         |
|    n_updates            | 1960        |
|    policy_gradient_loss | -0.0152     |
|    std                  | 0.979       |
|    value_loss           | 972         |
-----------------------------------------
-----------------------------------------
| rollout/                |             |
|    ep_len_mean          | 80.3        |
|    ep_rew_mean          | 405         |
| time/                   |             |
|    fps                  | 480         |
|    iterations           | 198         |
|    time_elapsed         | 2533        |
|    total_timesteps      | 1216512     |
| train/                  |             |
|    approx_kl            | 0.010954655 |
|    clip_fraction        | 0.0443      |
|    clip_range           | 0.2         |
|    entropy_loss         | -23.8       |
|    explained_variance   | 0.863       |
|    learning_rate        | 0.0003      |
|    loss                 | 451         |
|    n_updates            | 1970        |
|    policy_gradient_loss | -0.0184     |
|    std                  | 0.979       |
|    value_loss           | 931         |
-----------------------------------------
-----------------------------------------
| rollout/                |             |
|    ep_len_mean          | 82.4        |
|    ep_rew_mean          | 411         |
| time/                   |             |
|    fps                  | 480         |
|    iterations           | 199         |
|    time_elapsed         | 2546        |
|    total_timesteps      | 1222656     |
| train/                  |             |
|    approx_kl            | 0.010447062 |
|    clip_fraction        | 0.0445      |
|    clip_range           | 0.2         |
|    entropy_loss         | -23.8       |
|    explained_variance   | 0.855       |
|    learning_rate        | 0.0003      |
|    loss                 | 489         |
|    n_updates            | 1980        |
|    policy_gradient_loss | -0.0176     |
|    std                  | 0.979       |
|    value_loss           | 1.01e+03    |
-----------------------------------------
-----------------------------------------
| rollout/                |             |
|    ep_len_mean          | 81.5        |
|    ep_rew_mean          | 407         |
| time/                   |             |
|    fps                  | 479         |
|    iterations           | 200         |
|    time_elapsed         | 2561        |
|    total_timesteps      | 1228800     |
| train/                  |             |
|    approx_kl            | 0.009504686 |
|    clip_fraction        | 0.0364      |
|    clip_range           | 0.2         |
|    entropy_loss         | -23.8       |
|    explained_variance   | 0.867       |
|    learning_rate        | 0.0003      |
|    loss                 | 470         |
|    n_updates            | 1990        |
|    policy_gradient_loss | -0.0153     |
|    std                  | 0.979       |
|    value_loss           | 969         |
-----------------------------------------
-----------------------------------------
| rollout/                |             |
|    ep_len_mean          | 82          |
|    ep_rew_mean          | 406         |
| time/                   |             |
|    fps                  | 478         |
|    iterations           | 201         |
|    time_elapsed         | 2578        |
|    total_timesteps      | 1234944     |
| train/                  |             |
|    approx_kl            | 0.009239781 |
|    clip_fraction        | 0.037       |
|    clip_range           | 0.2         |
|    entropy_loss         | -23.8       |
|    explained_variance   | 0.864       |
|    learning_rate        | 0.0003      |
|    loss                 | 456         |
|    n_updates            | 2000        |
|    policy_gradient_loss | -0.0171     |
|    std                  | 0.979       |
|    value_loss           | 940         |
-----------------------------------------
------------------------------------------
| rollout/                |              |
|    ep_len_mean          | 84.5         |
|    ep_rew_mean          | 418          |
| time/                   |              |
|    fps                  | 478          |
|    iterations           | 202          |
|    time_elapsed         | 2593         |
|    total_timesteps      | 1241088      |
| train/                  |              |
|    approx_kl            | 0.0087754475 |
|    clip_fraction        | 0.032        |
|    clip_range           | 0.2          |
|    entropy_loss         | -23.8        |
|    explained_variance   | 0.871        |
|    learning_rate        | 0.0003       |
|    loss                 | 437          |
|    n_updates            | 2010         |
|    policy_gradient_loss | -0.0157      |
|    std                  | 0.979        |
|    value_loss           | 901          |
------------------------------------------
-----------------------------------------
| rollout/                |             |
|    ep_len_mean          | 80.1        |
|    ep_rew_mean          | 405         |
| time/                   |             |
|    fps                  | 478         |
|    iterations           | 203         |
|    time_elapsed         | 2608        |
|    total_timesteps      | 1247232     |
| train/                  |             |
|    approx_kl            | 0.008522558 |
|    clip_fraction        | 0.0284      |
|    clip_range           | 0.2         |
|    entropy_loss         | -23.7       |
|    explained_variance   | 0.857       |
|    learning_rate        | 0.0003      |
|    loss                 | 490         |
|    n_updates            | 2020        |
|    policy_gradient_loss | -0.0136     |
|    std                  | 0.979       |
|    value_loss           | 1.01e+03    |
-----------------------------------------
-----------------------------------------
| rollout/                |             |
|    ep_len_mean          | 79.7        |
|    ep_rew_mean          | 400         |
| time/                   |             |
|    fps                  | 477         |
|    iterations           | 204         |
|    time_elapsed         | 2622        |
|    total_timesteps      | 1253376     |
| train/                  |             |
|    approx_kl            | 0.009463831 |
|    clip_fraction        | 0.035       |
|    clip_range           | 0.2         |
|    entropy_loss         | -23.7       |
|    explained_variance   | 0.863       |
|    learning_rate        | 0.0003      |
|    loss                 | 473         |
|    n_updates            | 2030        |
|    policy_gradient_loss | -0.0178     |
|    std                  | 0.979       |
|    value_loss           | 973         |
-----------------------------------------
-----------------------------------------
| rollout/                |             |
|    ep_len_mean          | 78.9        |
|    ep_rew_mean          | 391         |
| time/                   |             |
|    fps                  | 477         |
|    iterations           | 205         |
|    time_elapsed         | 2637        |
|    total_timesteps      | 1259520     |
| train/                  |             |
|    approx_kl            | 0.010909364 |
|    clip_fraction        | 0.0453      |
|    clip_range           | 0.2         |
|    entropy_loss         | -23.7       |
|    explained_variance   | 0.872       |
|    learning_rate        | 0.0003      |
|    loss                 | 420         |
|    n_updates            | 2040        |
|    policy_gradient_loss | -0.0188     |
|    std                  | 0.979       |
|    value_loss           | 867         |
-----------------------------------------
------------------------------------------
| rollout/                |              |
|    ep_len_mean          | 79.1         |
|    ep_rew_mean          | 392          |
| time/                   |              |
|    fps                  | 477          |
|    iterations           | 206          |
|    time_elapsed         | 2652         |
|    total_timesteps      | 1265664      |
| train/                  |              |
|    approx_kl            | 0.0093649365 |
|    clip_fraction        | 0.0348       |
|    clip_range           | 0.2          |
|    entropy_loss         | -23.7        |
|    explained_variance   | 0.877        |
|    learning_rate        | 0.0003       |
|    loss                 | 404          |
|    n_updates            | 2050         |
|    policy_gradient_loss | -0.016       |
|    std                  | 0.979        |
|    value_loss           | 838          |
------------------------------------------
-----------------------------------------
| rollout/                |             |
|    ep_len_mean          | 78.5        |
|    ep_rew_mean          | 393         |
| time/                   |             |
|    fps                  | 476         |
|    iterations           | 207         |
|    time_elapsed         | 2667        |
|    total_timesteps      | 1271808     |
| train/                  |             |
|    approx_kl            | 0.011630203 |
|    clip_fraction        | 0.0506      |
|    clip_range           | 0.2         |
|    entropy_loss         | -23.7       |
|    explained_variance   | 0.872       |
|    learning_rate        | 0.0003      |
|    loss                 | 423         |
|    n_updates            | 2060        |
|    policy_gradient_loss | -0.0191     |
|    std                  | 0.979       |
|    value_loss           | 871         |
-----------------------------------------
-----------------------------------------
| rollout/                |             |
|    ep_len_mean          | 81.6        |
|    ep_rew_mean          | 405         |
| time/                   |             |
|    fps                  | 476         |
|    iterations           | 208         |
|    time_elapsed         | 2682        |
|    total_timesteps      | 1277952     |
| train/                  |             |
|    approx_kl            | 0.010540093 |
|    clip_fraction        | 0.0424      |
|    clip_range           | 0.2         |
|    entropy_loss         | -23.7       |
|    explained_variance   | 0.87        |
|    learning_rate        | 0.0003      |
|    loss                 | 418         |
|    n_updates            | 2070        |
|    policy_gradient_loss | -0.0177     |
|    std                  | 0.978       |
|    value_loss           | 867         |
-----------------------------------------
-----------------------------------------
| rollout/                |             |
|    ep_len_mean          | 81          |
|    ep_rew_mean          | 406         |
| time/                   |             |
|    fps                  | 475         |
|    iterations           | 209         |
|    time_elapsed         | 2699        |
|    total_timesteps      | 1284096     |
| train/                  |             |
|    approx_kl            | 0.007441227 |
|    clip_fraction        | 0.0228      |
|    clip_range           | 0.2         |
|    entropy_loss         | -23.7       |
|    explained_variance   | 0.868       |
|    learning_rate        | 0.0003      |
|    loss                 | 433         |
|    n_updates            | 2080        |
|    policy_gradient_loss | -0.0135     |
|    std                  | 0.978       |
|    value_loss           | 898         |
-----------------------------------------
----------------------------------------
| rollout/                |            |
|    ep_len_mean          | 83.2       |
|    ep_rew_mean          | 416        |
| time/                   |            |
|    fps                  | 475        |
|    iterations           | 210        |
|    time_elapsed         | 2715       |
|    total_timesteps      | 1290240    |
| train/                  |            |
|    approx_kl            | 0.01103411 |
|    clip_fraction        | 0.0488     |
|    clip_range           | 0.2        |
|    entropy_loss         | -23.7      |
|    explained_variance   | 0.871      |
|    learning_rate        | 0.0003     |
|    loss                 | 445        |
|    n_updates            | 2090       |
|    policy_gradient_loss | -0.0171    |
|    std                  | 0.977      |
|    value_loss           | 918        |
----------------------------------------
-----------------------------------------
| rollout/                |             |
|    ep_len_mean          | 80.7        |
|    ep_rew_mean          | 400         |
| time/                   |             |
|    fps                  | 474         |
|    iterations           | 211         |
|    time_elapsed         | 2731        |
|    total_timesteps      | 1296384     |
| train/                  |             |
|    approx_kl            | 0.007722553 |
|    clip_fraction        | 0.0252      |
|    clip_range           | 0.2         |
|    entropy_loss         | -23.7       |
|    explained_variance   | 0.868       |
|    learning_rate        | 0.0003      |
|    loss                 | 450         |
|    n_updates            | 2100        |
|    policy_gradient_loss | -0.0148     |
|    std                  | 0.977       |
|    value_loss           | 929         |
-----------------------------------------
------------------------------------------
| rollout/                |              |
|    ep_len_mean          | 82.7         |
|    ep_rew_mean          | 413          |
| time/                   |              |
|    fps                  | 473          |
|    iterations           | 212          |
|    time_elapsed         | 2749         |
|    total_timesteps      | 1302528      |
| train/                  |              |
|    approx_kl            | 0.0100687565 |
|    clip_fraction        | 0.0394       |
|    clip_range           | 0.2          |
|    entropy_loss         | -23.7        |
|    explained_variance   | 0.879        |
|    learning_rate        | 0.0003       |
|    loss                 | 400          |
|    n_updates            | 2110         |
|    policy_gradient_loss | -0.0183      |
|    std                  | 0.977        |
|    value_loss           | 825          |
------------------------------------------
----------------------------------------
| rollout/                |            |
|    ep_len_mean          | 81.6       |
|    ep_rew_mean          | 415        |
| time/                   |            |
|    fps                  | 473        |
|    iterations           | 213        |
|    time_elapsed         | 2765       |
|    total_timesteps      | 1308672    |
| train/                  |            |
|    approx_kl            | 0.01060548 |
|    clip_fraction        | 0.0421     |
|    clip_range           | 0.2        |
|    entropy_loss         | -23.7      |
|    explained_variance   | 0.872      |
|    learning_rate        | 0.0003     |
|    loss                 | 448        |
|    n_updates            | 2120       |
|    policy_gradient_loss | -0.0169    |
|    std                  | 0.977      |
|    value_loss           | 926        |
----------------------------------------
-----------------------------------------
| rollout/                |             |
|    ep_len_mean          | 80.5        |
|    ep_rew_mean          | 404         |
| time/                   |             |
|    fps                  | 473         |
|    iterations           | 214         |
|    time_elapsed         | 2779        |
|    total_timesteps      | 1314816     |
| train/                  |             |
|    approx_kl            | 0.010473927 |
|    clip_fraction        | 0.0416      |
|    clip_range           | 0.2         |
|    entropy_loss         | -23.7       |
|    explained_variance   | 0.879       |
|    learning_rate        | 0.0003      |
|    loss                 | 427         |
|    n_updates            | 2130        |
|    policy_gradient_loss | -0.0172     |
|    std                  | 0.977       |
|    value_loss           | 879         |
-----------------------------------------
-----------------------------------------
| rollout/                |             |
|    ep_len_mean          | 80.4        |
|    ep_rew_mean          | 397         |
| time/                   |             |
|    fps                  | 472         |
|    iterations           | 215         |
|    time_elapsed         | 2793        |
|    total_timesteps      | 1320960     |
| train/                  |             |
|    approx_kl            | 0.008989937 |
|    clip_fraction        | 0.0324      |
|    clip_range           | 0.2         |
|    entropy_loss         | -23.7       |
|    explained_variance   | 0.868       |
|    learning_rate        | 0.0003      |
|    loss                 | 448         |
|    n_updates            | 2140        |
|    policy_gradient_loss | -0.0152     |
|    std                  | 0.976       |
|    value_loss           | 925         |
-----------------------------------------
-----------------------------------------
| rollout/                |             |
|    ep_len_mean          | 81.5        |
|    ep_rew_mean          | 407         |
| time/                   |             |
|    fps                  | 472         |
|    iterations           | 216         |
|    time_elapsed         | 2809        |
|    total_timesteps      | 1327104     |
| train/                  |             |
|    approx_kl            | 0.008056686 |
|    clip_fraction        | 0.0255      |
|    clip_range           | 0.2         |
|    entropy_loss         | -23.7       |
|    explained_variance   | 0.873       |
|    learning_rate        | 0.0003      |
|    loss                 | 400         |
|    n_updates            | 2150        |
|    policy_gradient_loss | -0.014      |
|    std                  | 0.976       |
|    value_loss           | 832         |
-----------------------------------------
-----------------------------------------
| rollout/                |             |
|    ep_len_mean          | 82.6        |
|    ep_rew_mean          | 414         |
| time/                   |             |
|    fps                  | 472         |
|    iterations           | 217         |
|    time_elapsed         | 2823        |
|    total_timesteps      | 1333248     |
| train/                  |             |
|    approx_kl            | 0.007992388 |
|    clip_fraction        | 0.0277      |
|    clip_range           | 0.2         |
|    entropy_loss         | -23.7       |
|    explained_variance   | 0.883       |
|    learning_rate        | 0.0003      |
|    loss                 | 412         |
|    n_updates            | 2160        |
|    policy_gradient_loss | -0.0132     |
|    std                  | 0.976       |
|    value_loss           | 853         |
-----------------------------------------
-----------------------------------------
| rollout/                |             |
|    ep_len_mean          | 79.5        |
|    ep_rew_mean          | 403         |
| time/                   |             |
|    fps                  | 472         |
|    iterations           | 218         |
|    time_elapsed         | 2837        |
|    total_timesteps      | 1339392     |
| train/                  |             |
|    approx_kl            | 0.010588401 |
|    clip_fraction        | 0.0426      |
|    clip_range           | 0.2         |
|    entropy_loss         | -23.7       |
|    explained_variance   | 0.877       |
|    learning_rate        | 0.0003      |
|    loss                 | 425         |
|    n_updates            | 2170        |
|    policy_gradient_loss | -0.0165     |
|    std                  | 0.976       |
|    value_loss           | 875         |
-----------------------------------------
----------------------------------------
| rollout/                |            |
|    ep_len_mean          | 79.2       |
|    ep_rew_mean          | 396        |
| time/                   |            |
|    fps                  | 472        |
|    iterations           | 219        |
|    time_elapsed         | 2850       |
|    total_timesteps      | 1345536    |
| train/                  |            |
|    approx_kl            | 0.00925218 |
|    clip_fraction        | 0.0337     |
|    clip_range           | 0.2        |
|    entropy_loss         | -23.7      |
|    explained_variance   | 0.887      |
|    learning_rate        | 0.0003     |
|    loss                 | 396        |
|    n_updates            | 2180       |
|    policy_gradient_loss | -0.0152    |
|    std                  | 0.976      |
|    value_loss           | 820        |
----------------------------------------
-----------------------------------------
| rollout/                |             |
|    ep_len_mean          | 81.7        |
|    ep_rew_mean          | 408         |
| time/                   |             |
|    fps                  | 471         |
|    iterations           | 220         |
|    time_elapsed         | 2866        |
|    total_timesteps      | 1351680     |
| train/                  |             |
|    approx_kl            | 0.009534757 |
|    clip_fraction        | 0.0376      |
|    clip_range           | 0.2         |
|    entropy_loss         | -23.7       |
|    explained_variance   | 0.882       |
|    learning_rate        | 0.0003      |
|    loss                 | 375         |
|    n_updates            | 2190        |
|    policy_gradient_loss | -0.017      |
|    std                  | 0.975       |
|    value_loss           | 778         |
-----------------------------------------
------------------------------------------
| rollout/                |              |
|    ep_len_mean          | 83.5         |
|    ep_rew_mean          | 419          |
| time/                   |              |
|    fps                  | 471          |
|    iterations           | 221          |
|    time_elapsed         | 2878         |
|    total_timesteps      | 1357824      |
| train/                  |              |
|    approx_kl            | 0.0075495434 |
|    clip_fraction        | 0.0224       |
|    clip_range           | 0.2          |
|    entropy_loss         | -23.7        |
|    explained_variance   | 0.879        |
|    learning_rate        | 0.0003       |
|    loss                 | 424          |
|    n_updates            | 2200         |
|    policy_gradient_loss | -0.0124      |
|    std                  | 0.975        |
|    value_loss           | 877          |
------------------------------------------
-----------------------------------------
| rollout/                |             |
|    ep_len_mean          | 81.1        |
|    ep_rew_mean          | 411         |
| time/                   |             |
|    fps                  | 471         |
|    iterations           | 222         |
|    time_elapsed         | 2890        |
|    total_timesteps      | 1363968     |
| train/                  |             |
|    approx_kl            | 0.009516955 |
|    clip_fraction        | 0.0358      |
|    clip_range           | 0.2         |
|    entropy_loss         | -23.7       |
|    explained_variance   | 0.878       |
|    learning_rate        | 0.0003      |
|    loss                 | 409         |
|    n_updates            | 2210        |
|    policy_gradient_loss | -0.0153     |
|    std                  | 0.975       |
|    value_loss           | 849         |
-----------------------------------------
-----------------------------------------
| rollout/                |             |
|    ep_len_mean          | 83.2        |
|    ep_rew_mean          | 413         |
| time/                   |             |
|    fps                  | 472         |
|    iterations           | 223         |
|    time_elapsed         | 2902        |
|    total_timesteps      | 1370112     |
| train/                  |             |
|    approx_kl            | 0.010712762 |
|    clip_fraction        | 0.0462      |
|    clip_range           | 0.2         |
|    entropy_loss         | -23.7       |
|    explained_variance   | 0.874       |
|    learning_rate        | 0.0003      |
|    loss                 | 438         |
|    n_updates            | 2220        |
|    policy_gradient_loss | -0.0163     |
|    std                  | 0.974       |
|    value_loss           | 902         |
-----------------------------------------
-----------------------------------------
| rollout/                |             |
|    ep_len_mean          | 83.5        |
|    ep_rew_mean          | 418         |
| time/                   |             |
|    fps                  | 472         |
|    iterations           | 224         |
|    time_elapsed         | 2914        |
|    total_timesteps      | 1376256     |
| train/                  |             |
|    approx_kl            | 0.007363709 |
|    clip_fraction        | 0.0211      |
|    clip_range           | 0.2         |
|    entropy_loss         | -23.7       |
|    explained_variance   | 0.879       |
|    learning_rate        | 0.0003      |
|    loss                 | 402         |
|    n_updates            | 2230        |
|    policy_gradient_loss | -0.013      |
|    std                  | 0.974       |
|    value_loss           | 833         |
-----------------------------------------
-----------------------------------------
| rollout/                |             |
|    ep_len_mean          | 80.5        |
|    ep_rew_mean          | 399         |
| time/                   |             |
|    fps                  | 472         |
|    iterations           | 225         |
|    time_elapsed         | 2928        |
|    total_timesteps      | 1382400     |
| train/                  |             |
|    approx_kl            | 0.007345537 |
|    clip_fraction        | 0.0254      |
|    clip_range           | 0.2         |
|    entropy_loss         | -23.7       |
|    explained_variance   | 0.884       |
|    learning_rate        | 0.0003      |
|    loss                 | 407         |
|    n_updates            | 2240        |
|    policy_gradient_loss | -0.0118     |
|    std                  | 0.974       |
|    value_loss           | 839         |
-----------------------------------------
---------------------------------------
| rollout/                |           |
|    ep_len_mean          | 82.8      |
|    ep_rew_mean          | 411       |
| time/                   |           |
|    fps                  | 472       |
|    iterations           | 226       |
|    time_elapsed         | 2940      |
|    total_timesteps      | 1388544   |
| train/                  |           |
|    approx_kl            | 0.0079478 |
|    clip_fraction        | 0.027     |
|    clip_range           | 0.2       |
|    entropy_loss         | -23.7     |
|    explained_variance   | 0.88      |
|    learning_rate        | 0.0003    |
|    loss                 | 377       |
|    n_updates            | 2250      |
|    policy_gradient_loss | -0.0157   |
|    std                  | 0.973     |
|    value_loss           | 783       |
---------------------------------------
------------------------------------------
| rollout/                |              |
|    ep_len_mean          | 81.7         |
|    ep_rew_mean          | 404          |
| time/                   |              |
|    fps                  | 472          |
|    iterations           | 227          |
|    time_elapsed         | 2951         |
|    total_timesteps      | 1394688      |
| train/                  |              |
|    approx_kl            | 0.0059482716 |
|    clip_fraction        | 0.0167       |
|    clip_range           | 0.2          |
|    entropy_loss         | -23.6        |
|    explained_variance   | 0.883        |
|    learning_rate        | 0.0003       |
|    loss                 | 402          |
|    n_updates            | 2260         |
|    policy_gradient_loss | -0.00957     |
|    std                  | 0.973        |
|    value_loss           | 834          |
------------------------------------------
------------------------------------------
| rollout/                |              |
|    ep_len_mean          | 82.7         |
|    ep_rew_mean          | 408          |
| time/                   |              |
|    fps                  | 472          |
|    iterations           | 228          |
|    time_elapsed         | 2962         |
|    total_timesteps      | 1400832      |
| train/                  |              |
|    approx_kl            | 0.0080893515 |
|    clip_fraction        | 0.0309       |
|    clip_range           | 0.2          |
|    entropy_loss         | -23.6        |
|    explained_variance   | 0.892        |
|    learning_rate        | 0.0003       |
|    loss                 | 377          |
|    n_updates            | 2270         |
|    policy_gradient_loss | -0.0136      |
|    std                  | 0.973        |
|    value_loss           | 780          |
------------------------------------------
------------------------------------------
| rollout/                |              |
|    ep_len_mean          | 81.9         |
|    ep_rew_mean          | 414          |
| time/                   |              |
|    fps                  | 472          |
|    iterations           | 229          |
|    time_elapsed         | 2976         |
|    total_timesteps      | 1406976      |
| train/                  |              |
|    approx_kl            | 0.0073414855 |
|    clip_fraction        | 0.0235       |
|    clip_range           | 0.2          |
|    entropy_loss         | -23.6        |
|    explained_variance   | 0.884        |
|    learning_rate        | 0.0003       |
|    loss                 | 401          |
|    n_updates            | 2280         |
|    policy_gradient_loss | -0.0144      |
|    std                  | 0.973        |
|    value_loss           | 826          |
------------------------------------------
-----------------------------------------
| rollout/                |             |
|    ep_len_mean          | 82.2        |
|    ep_rew_mean          | 415         |
| time/                   |             |
|    fps                  | 472         |
|    iterations           | 230         |
|    time_elapsed         | 2988        |
|    total_timesteps      | 1413120     |
| train/                  |             |
|    approx_kl            | 0.007975401 |
|    clip_fraction        | 0.0268      |
|    clip_range           | 0.2         |
|    entropy_loss         | -23.6       |
|    explained_variance   | 0.894       |
|    learning_rate        | 0.0003      |
|    loss                 | 383         |
|    n_updates            | 2290        |
|    policy_gradient_loss | -0.0141     |
|    std                  | 0.973       |
|    value_loss           | 793         |
-----------------------------------------
-----------------------------------------
| rollout/                |             |
|    ep_len_mean          | 82          |
|    ep_rew_mean          | 414         |
| time/                   |             |
|    fps                  | 472         |
|    iterations           | 231         |
|    time_elapsed         | 3000        |
|    total_timesteps      | 1419264     |
| train/                  |             |
|    approx_kl            | 0.010864586 |
|    clip_fraction        | 0.045       |
|    clip_range           | 0.2         |
|    entropy_loss         | -23.6       |
|    explained_variance   | 0.892       |
|    learning_rate        | 0.0003      |
|    loss                 | 374         |
|    n_updates            | 2300        |
|    policy_gradient_loss | -0.0168     |
|    std                  | 0.973       |
|    value_loss           | 773         |
-----------------------------------------
-----------------------------------------
| rollout/                |             |
|    ep_len_mean          | 80.8        |
|    ep_rew_mean          | 410         |
| time/                   |             |
|    fps                  | 473         |
|    iterations           | 232         |
|    time_elapsed         | 3012        |
|    total_timesteps      | 1425408     |
| train/                  |             |
|    approx_kl            | 0.008303066 |
|    clip_fraction        | 0.0292      |
|    clip_range           | 0.2         |
|    entropy_loss         | -23.6       |
|    explained_variance   | 0.888       |
|    learning_rate        | 0.0003      |
|    loss                 | 399         |
|    n_updates            | 2310        |
|    policy_gradient_loss | -0.0165     |
|    std                  | 0.972       |
|    value_loss           | 824         |
-----------------------------------------
----------------------------------------
| rollout/                |            |
|    ep_len_mean          | 81.1       |
|    ep_rew_mean          | 408        |
| time/                   |            |
|    fps                  | 473        |
|    iterations           | 233        |
|    time_elapsed         | 3024       |
|    total_timesteps      | 1431552    |
| train/                  |            |
|    approx_kl            | 0.00921528 |
|    clip_fraction        | 0.034      |
|    clip_range           | 0.2        |
|    entropy_loss         | -23.6      |
|    explained_variance   | 0.894      |
|    learning_rate        | 0.0003     |
|    loss                 | 352        |
|    n_updates            | 2320       |
|    policy_gradient_loss | -0.0162    |
|    std                  | 0.972      |
|    value_loss           | 727        |
----------------------------------------
-----------------------------------------
| rollout/                |             |
|    ep_len_mean          | 84.5        |
|    ep_rew_mean          | 425         |
| time/                   |             |
|    fps                  | 473         |
|    iterations           | 234         |
|    time_elapsed         | 3037        |
|    total_timesteps      | 1437696     |
| train/                  |             |
|    approx_kl            | 0.010544333 |
|    clip_fraction        | 0.0437      |
|    clip_range           | 0.2         |
|    entropy_loss         | -23.6       |
|    explained_variance   | 0.894       |
|    learning_rate        | 0.0003      |
|    loss                 | 367         |
|    n_updates            | 2330        |
|    policy_gradient_loss | -0.0173     |
|    std                  | 0.972       |
|    value_loss           | 762         |
-----------------------------------------
----------------------------------------
| rollout/                |            |
|    ep_len_mean          | 84.2       |
|    ep_rew_mean          | 423        |
| time/                   |            |
|    fps                  | 473        |
|    iterations           | 235        |
|    time_elapsed         | 3052       |
|    total_timesteps      | 1443840    |
| train/                  |            |
|    approx_kl            | 0.00926776 |
|    clip_fraction        | 0.0354     |
|    clip_range           | 0.2        |
|    entropy_loss         | -23.6      |
|    explained_variance   | 0.891      |
|    learning_rate        | 0.0003     |
|    loss                 | 381        |
|    n_updates            | 2340       |
|    policy_gradient_loss | -0.0162    |
|    std                  | 0.972      |
|    value_loss           | 789        |
----------------------------------------
-----------------------------------------
| rollout/                |             |
|    ep_len_mean          | 86.5        |
|    ep_rew_mean          | 435         |
| time/                   |             |
|    fps                  | 473         |
|    iterations           | 236         |
|    time_elapsed         | 3063        |
|    total_timesteps      | 1449984     |
| train/                  |             |
|    approx_kl            | 0.011026577 |
|    clip_fraction        | 0.0448      |
|    clip_range           | 0.2         |
|    entropy_loss         | -23.6       |
|    explained_variance   | 0.895       |
|    learning_rate        | 0.0003      |
|    loss                 | 375         |
|    n_updates            | 2350        |
|    policy_gradient_loss | -0.017      |
|    std                  | 0.973       |
|    value_loss           | 776         |
-----------------------------------------
-----------------------------------------
| rollout/                |             |
|    ep_len_mean          | 79.7        |
|    ep_rew_mean          | 404         |
| time/                   |             |
|    fps                  | 473         |
|    iterations           | 237         |
|    time_elapsed         | 3074        |
|    total_timesteps      | 1456128     |
| train/                  |             |
|    approx_kl            | 0.008402537 |
|    clip_fraction        | 0.0291      |
|    clip_range           | 0.2         |
|    entropy_loss         | -23.6       |
|    explained_variance   | 0.896       |
|    learning_rate        | 0.0003      |
|    loss                 | 377         |
|    n_updates            | 2360        |
|    policy_gradient_loss | -0.0134     |
|    std                  | 0.973       |
|    value_loss           | 785         |
-----------------------------------------
----------------------------------------
| rollout/                |            |
|    ep_len_mean          | 81.3       |
|    ep_rew_mean          | 411        |
| time/                   |            |
|    fps                  | 474        |
|    iterations           | 238        |
|    time_elapsed         | 3084       |
|    total_timesteps      | 1462272    |
| train/                  |            |
|    approx_kl            | 0.00823504 |
|    clip_fraction        | 0.0276     |
|    clip_range           | 0.2        |
|    entropy_loss         | -23.6      |
|    explained_variance   | 0.893      |
|    learning_rate        | 0.0003     |
|    loss                 | 370        |
|    n_updates            | 2370       |
|    policy_gradient_loss | -0.0141    |
|    std                  | 0.973      |
|    value_loss           | 765        |
----------------------------------------
-----------------------------------------
| rollout/                |             |
|    ep_len_mean          | 80.8        |
|    ep_rew_mean          | 412         |
| time/                   |             |
|    fps                  | 474         |
|    iterations           | 239         |
|    time_elapsed         | 3096        |
|    total_timesteps      | 1468416     |
| train/                  |             |
|    approx_kl            | 0.010818948 |
|    clip_fraction        | 0.0415      |
|    clip_range           | 0.2         |
|    entropy_loss         | -23.6       |
|    explained_variance   | 0.901       |
|    learning_rate        | 0.0003      |
|    loss                 | 340         |
|    n_updates            | 2380        |
|    policy_gradient_loss | -0.0179     |
|    std                  | 0.973       |
|    value_loss           | 701         |
-----------------------------------------
-----------------------------------------
| rollout/                |             |
|    ep_len_mean          | 83.6        |
|    ep_rew_mean          | 424         |
| time/                   |             |
|    fps                  | 474         |
|    iterations           | 240         |
|    time_elapsed         | 3108        |
|    total_timesteps      | 1474560     |
| train/                  |             |
|    approx_kl            | 0.009714087 |
|    clip_fraction        | 0.0355      |
|    clip_range           | 0.2         |
|    entropy_loss         | -23.6       |
|    explained_variance   | 0.9         |
|    learning_rate        | 0.0003      |
|    loss                 | 361         |
|    n_updates            | 2390        |
|    policy_gradient_loss | -0.0139     |
|    std                  | 0.972       |
|    value_loss           | 747         |
-----------------------------------------
-----------------------------------------
| rollout/                |             |
|    ep_len_mean          | 82.6        |
|    ep_rew_mean          | 417         |
| time/                   |             |
|    fps                  | 474         |
|    iterations           | 241         |
|    time_elapsed         | 3120        |
|    total_timesteps      | 1480704     |
| train/                  |             |
|    approx_kl            | 0.009940132 |
|    clip_fraction        | 0.0415      |
|    clip_range           | 0.2         |
|    entropy_loss         | -23.6       |
|    explained_variance   | 0.901       |
|    learning_rate        | 0.0003      |
|    loss                 | 382         |
|    n_updates            | 2400        |
|    policy_gradient_loss | -0.0175     |
|    std                  | 0.972       |
|    value_loss           | 789         |
-----------------------------------------
----------------------------------------
| rollout/                |            |
|    ep_len_mean          | 80         |
|    ep_rew_mean          | 408        |
| time/                   |            |
|    fps                  | 474        |
|    iterations           | 242        |
|    time_elapsed         | 3130       |
|    total_timesteps      | 1486848    |
| train/                  |            |
|    approx_kl            | 0.01109859 |
|    clip_fraction        | 0.0436     |
|    clip_range           | 0.2        |
|    entropy_loss         | -23.6      |
|    explained_variance   | 0.905      |
|    learning_rate        | 0.0003     |
|    loss                 | 324        |
|    n_updates            | 2410       |
|    policy_gradient_loss | -0.0191    |
|    std                  | 0.972      |
|    value_loss           | 674        |
----------------------------------------
-----------------------------------------
| rollout/                |             |
|    ep_len_mean          | 82.2        |
|    ep_rew_mean          | 423         |
| time/                   |             |
|    fps                  | 475         |
|    iterations           | 243         |
|    time_elapsed         | 3141        |
|    total_timesteps      | 1492992     |
| train/                  |             |
|    approx_kl            | 0.011856169 |
|    clip_fraction        | 0.0543      |
|    clip_range           | 0.2         |
|    entropy_loss         | -23.6       |
|    explained_variance   | 0.909       |
|    learning_rate        | 0.0003      |
|    loss                 | 331         |
|    n_updates            | 2420        |
|    policy_gradient_loss | -0.0176     |
|    std                  | 0.972       |
|    value_loss           | 685         |
-----------------------------------------
-----------------------------------------
| rollout/                |             |
|    ep_len_mean          | 82.6        |
|    ep_rew_mean          | 424         |
| time/                   |             |
|    fps                  | 475         |
|    iterations           | 244         |
|    time_elapsed         | 3150        |
|    total_timesteps      | 1499136     |
| train/                  |             |
|    approx_kl            | 0.007549889 |
|    clip_fraction        | 0.0259      |
|    clip_range           | 0.2         |
|    entropy_loss         | -23.6       |
|    explained_variance   | 0.9         |
|    learning_rate        | 0.0003      |
|    loss                 | 401         |
|    n_updates            | 2430        |
|    policy_gradient_loss | -0.0122     |
|    std                  | 0.972       |
|    value_loss           | 825         |
-----------------------------------------
------------------------------------------
| rollout/                |              |
|    ep_len_mean          | 81.8         |
|    ep_rew_mean          | 417          |
| time/                   |              |
|    fps                  | 476          |
|    iterations           | 245          |
|    time_elapsed         | 3161         |
|    total_timesteps      | 1505280      |
| train/                  |              |
|    approx_kl            | 0.0112522645 |
|    clip_fraction        | 0.0443       |
|    clip_range           | 0.2          |
|    entropy_loss         | -23.6        |
|    explained_variance   | 0.902        |
|    learning_rate        | 0.0003       |
|    loss                 | 353          |
|    n_updates            | 2440         |
|    policy_gradient_loss | -0.0171      |
|    std                  | 0.972        |
|    value_loss           | 729          |
------------------------------------------
------------------------------------------
| rollout/                |              |
|    ep_len_mean          | 84.7         |
|    ep_rew_mean          | 431          |
| time/                   |              |
|    fps                  | 475          |
|    iterations           | 246          |
|    time_elapsed         | 3177         |
|    total_timesteps      | 1511424      |
| train/                  |              |
|    approx_kl            | 0.0101372255 |
|    clip_fraction        | 0.0429       |
|    clip_range           | 0.2          |
|    entropy_loss         | -23.6        |
|    explained_variance   | 0.888        |
|    learning_rate        | 0.0003       |
|    loss                 | 376          |
|    n_updates            | 2450         |
|    policy_gradient_loss | -0.0142      |
|    std                  | 0.972        |
|    value_loss           | 782          |
------------------------------------------
-----------------------------------------
| rollout/                |             |
|    ep_len_mean          | 85.3        |
|    ep_rew_mean          | 436         |
| time/                   |             |
|    fps                  | 475         |
|    iterations           | 247         |
|    time_elapsed         | 3193        |
|    total_timesteps      | 1517568     |
| train/                  |             |
|    approx_kl            | 0.007735552 |
|    clip_fraction        | 0.0242      |
|    clip_range           | 0.2         |
|    entropy_loss         | -23.6       |
|    explained_variance   | 0.902       |
|    learning_rate        | 0.0003      |
|    loss                 | 381         |
|    n_updates            | 2460        |
|    policy_gradient_loss | -0.0129     |
|    std                  | 0.971       |
|    value_loss           | 785         |
-----------------------------------------
-----------------------------------------
| rollout/                |             |
|    ep_len_mean          | 83.7        |
|    ep_rew_mean          | 427         |
| time/                   |             |
|    fps                  | 474         |
|    iterations           | 248         |
|    time_elapsed         | 3208        |
|    total_timesteps      | 1523712     |
| train/                  |             |
|    approx_kl            | 0.010605938 |
|    clip_fraction        | 0.0423      |
|    clip_range           | 0.2         |
|    entropy_loss         | -23.6       |
|    explained_variance   | 0.9         |
|    learning_rate        | 0.0003      |
|    loss                 | 387         |
|    n_updates            | 2470        |
|    policy_gradient_loss | -0.016      |
|    std                  | 0.971       |
|    value_loss           | 798         |
-----------------------------------------
-----------------------------------------
| rollout/                |             |
|    ep_len_mean          | 81.8        |
|    ep_rew_mean          | 417         |
| time/                   |             |
|    fps                  | 474         |
|    iterations           | 249         |
|    time_elapsed         | 3223        |
|    total_timesteps      | 1529856     |
| train/                  |             |
|    approx_kl            | 0.008365837 |
|    clip_fraction        | 0.0315      |
|    clip_range           | 0.2         |
|    entropy_loss         | -23.6       |
|    explained_variance   | 0.903       |
|    learning_rate        | 0.0003      |
|    loss                 | 359         |
|    n_updates            | 2480        |
|    policy_gradient_loss | -0.0139     |
|    std                  | 0.971       |
|    value_loss           | 746         |
-----------------------------------------
-----------------------------------------
| rollout/                |             |
|    ep_len_mean          | 84          |
|    ep_rew_mean          | 427         |
| time/                   |             |
|    fps                  | 474         |
|    iterations           | 250         |
|    time_elapsed         | 3239        |
|    total_timesteps      | 1536000     |
| train/                  |             |
|    approx_kl            | 0.011149452 |
|    clip_fraction        | 0.0497      |
|    clip_range           | 0.2         |
|    entropy_loss         | -23.6       |
|    explained_variance   | 0.907       |
|    learning_rate        | 0.0003      |
|    loss                 | 322         |
|    n_updates            | 2490        |
|    policy_gradient_loss | -0.0164     |
|    std                  | 0.971       |
|    value_loss           | 670         |
-----------------------------------------
-----------------------------------------
| rollout/                |             |
|    ep_len_mean          | 84          |
|    ep_rew_mean          | 433         |
| time/                   |             |
|    fps                  | 473         |
|    iterations           | 251         |
|    time_elapsed         | 3255        |
|    total_timesteps      | 1542144     |
| train/                  |             |
|    approx_kl            | 0.006306305 |
|    clip_fraction        | 0.0193      |
|    clip_range           | 0.2         |
|    entropy_loss         | -23.6       |
|    explained_variance   | 0.902       |
|    learning_rate        | 0.0003      |
|    loss                 | 381         |
|    n_updates            | 2500        |
|    policy_gradient_loss | -0.0113     |
|    std                  | 0.971       |
|    value_loss           | 790         |
-----------------------------------------
-----------------------------------------
| rollout/                |             |
|    ep_len_mean          | 81.8        |
|    ep_rew_mean          | 419         |
| time/                   |             |
|    fps                  | 473         |
|    iterations           | 252         |
|    time_elapsed         | 3269        |
|    total_timesteps      | 1548288     |
| train/                  |             |
|    approx_kl            | 0.011431821 |
|    clip_fraction        | 0.048       |
|    clip_range           | 0.2         |
|    entropy_loss         | -23.6       |
|    explained_variance   | 0.907       |
|    learning_rate        | 0.0003      |
|    loss                 | 345         |
|    n_updates            | 2510        |
|    policy_gradient_loss | -0.0171     |
|    std                  | 0.971       |
|    value_loss           | 711         |
-----------------------------------------
------------------------------------------
| rollout/                |              |
|    ep_len_mean          | 83.1         |
|    ep_rew_mean          | 424          |
| time/                   |              |
|    fps                  | 473          |
|    iterations           | 253          |
|    time_elapsed         | 3284         |
|    total_timesteps      | 1554432      |
| train/                  |              |
|    approx_kl            | 0.0076584355 |
|    clip_fraction        | 0.0259       |
|    clip_range           | 0.2          |
|    entropy_loss         | -23.6        |
|    explained_variance   | 0.902        |
|    learning_rate        | 0.0003       |
|    loss                 | 357          |
|    n_updates            | 2520         |
|    policy_gradient_loss | -0.0129      |
|    std                  | 0.971        |
|    value_loss           | 737          |
------------------------------------------
-----------------------------------------
| rollout/                |             |
|    ep_len_mean          | 82.6        |
|    ep_rew_mean          | 423         |
| time/                   |             |
|    fps                  | 472         |
|    iterations           | 254         |
|    time_elapsed         | 3300        |
|    total_timesteps      | 1560576     |
| train/                  |             |
|    approx_kl            | 0.010024169 |
|    clip_fraction        | 0.0367      |
|    clip_range           | 0.2         |
|    entropy_loss         | -23.6       |
|    explained_variance   | 0.905       |
|    learning_rate        | 0.0003      |
|    loss                 | 349         |
|    n_updates            | 2530        |
|    policy_gradient_loss | -0.0164     |
|    std                  | 0.971       |
|    value_loss           | 720         |
-----------------------------------------
-----------------------------------------
| rollout/                |             |
|    ep_len_mean          | 84.5        |
|    ep_rew_mean          | 439         |
| time/                   |             |
|    fps                  | 472         |
|    iterations           | 255         |
|    time_elapsed         | 3315        |
|    total_timesteps      | 1566720     |
| train/                  |             |
|    approx_kl            | 0.010533501 |
|    clip_fraction        | 0.0463      |
|    clip_range           | 0.2         |
|    entropy_loss         | -23.6       |
|    explained_variance   | 0.912       |
|    learning_rate        | 0.0003      |
|    loss                 | 324         |
|    n_updates            | 2540        |
|    policy_gradient_loss | -0.016      |
|    std                  | 0.97        |
|    value_loss           | 670         |
-----------------------------------------
-----------------------------------------
| rollout/                |             |
|    ep_len_mean          | 83.5        |
|    ep_rew_mean          | 425         |
| time/                   |             |
|    fps                  | 472         |
|    iterations           | 256         |
|    time_elapsed         | 3328        |
|    total_timesteps      | 1572864     |
| train/                  |             |
|    approx_kl            | 0.008709453 |
|    clip_fraction        | 0.0313      |
|    clip_range           | 0.2         |
|    entropy_loss         | -23.6       |
|    explained_variance   | 0.906       |
|    learning_rate        | 0.0003      |
|    loss                 | 379         |
|    n_updates            | 2550        |
|    policy_gradient_loss | -0.0131     |
|    std                  | 0.97        |
|    value_loss           | 779         |
-----------------------------------------
-----------------------------------------
| rollout/                |             |
|    ep_len_mean          | 84.2        |
|    ep_rew_mean          | 426         |
| time/                   |             |
|    fps                  | 472         |
|    iterations           | 257         |
|    time_elapsed         | 3342        |
|    total_timesteps      | 1579008     |
| train/                  |             |
|    approx_kl            | 0.007712502 |
|    clip_fraction        | 0.0279      |
|    clip_range           | 0.2         |
|    entropy_loss         | -23.6       |
|    explained_variance   | 0.895       |
|    learning_rate        | 0.0003      |
|    loss                 | 350         |
|    n_updates            | 2560        |
|    policy_gradient_loss | -0.0133     |
|    std                  | 0.969       |
|    value_loss           | 729         |
-----------------------------------------
-----------------------------------------
| rollout/                |             |
|    ep_len_mean          | 84.9        |
|    ep_rew_mean          | 431         |
| time/                   |             |
|    fps                  | 471         |
|    iterations           | 258         |
|    time_elapsed         | 3360        |
|    total_timesteps      | 1585152     |
| train/                  |             |
|    approx_kl            | 0.009226547 |
|    clip_fraction        | 0.0364      |
|    clip_range           | 0.2         |
|    entropy_loss         | -23.6       |
|    explained_variance   | 0.912       |
|    learning_rate        | 0.0003      |
|    loss                 | 320         |
|    n_updates            | 2570        |
|    policy_gradient_loss | -0.0152     |
|    std                  | 0.969       |
|    value_loss           | 662         |
-----------------------------------------
-----------------------------------------
| rollout/                |             |
|    ep_len_mean          | 84          |
|    ep_rew_mean          | 431         |
| time/                   |             |
|    fps                  | 471         |
|    iterations           | 259         |
|    time_elapsed         | 3374        |
|    total_timesteps      | 1591296     |
| train/                  |             |
|    approx_kl            | 0.008887507 |
|    clip_fraction        | 0.0305      |
|    clip_range           | 0.2         |
|    entropy_loss         | -23.6       |
|    explained_variance   | 0.902       |
|    learning_rate        | 0.0003      |
|    loss                 | 361         |
|    n_updates            | 2580        |
|    policy_gradient_loss | -0.0157     |
|    std                  | 0.969       |
|    value_loss           | 749         |
-----------------------------------------
----------------------------------------
| rollout/                |            |
|    ep_len_mean          | 85.8       |
|    ep_rew_mean          | 436        |
| time/                   |            |
|    fps                  | 471        |
|    iterations           | 260        |
|    time_elapsed         | 3387       |
|    total_timesteps      | 1597440    |
| train/                  |            |
|    approx_kl            | 0.01212296 |
|    clip_fraction        | 0.0559     |
|    clip_range           | 0.2        |
|    entropy_loss         | -23.6      |
|    explained_variance   | 0.917      |
|    learning_rate        | 0.0003     |
|    loss                 | 320        |
|    n_updates            | 2590       |
|    policy_gradient_loss | -0.0191    |
|    std                  | 0.968      |
|    value_loss           | 661        |
----------------------------------------
-----------------------------------------
| rollout/                |             |
|    ep_len_mean          | 84.9        |
|    ep_rew_mean          | 432         |
| time/                   |             |
|    fps                  | 471         |
|    iterations           | 261         |
|    time_elapsed         | 3403        |
|    total_timesteps      | 1603584     |
| train/                  |             |
|    approx_kl            | 0.009669512 |
|    clip_fraction        | 0.0359      |
|    clip_range           | 0.2         |
|    entropy_loss         | -23.6       |
|    explained_variance   | 0.909       |
|    learning_rate        | 0.0003      |
|    loss                 | 352         |
|    n_updates            | 2600        |
|    policy_gradient_loss | -0.0157     |
|    std                  | 0.968       |
|    value_loss           | 728         |
-----------------------------------------
------------------------------------------
| rollout/                |              |
|    ep_len_mean          | 84.2         |
|    ep_rew_mean          | 427          |
| time/                   |              |
|    fps                  | 470          |
|    iterations           | 262          |
|    time_elapsed         | 3420         |
|    total_timesteps      | 1609728      |
| train/                  |              |
|    approx_kl            | 0.0072301575 |
|    clip_fraction        | 0.0229       |
|    clip_range           | 0.2          |
|    entropy_loss         | -23.6        |
|    explained_variance   | 0.915        |
|    learning_rate        | 0.0003       |
|    loss                 | 327          |
|    n_updates            | 2610         |
|    policy_gradient_loss | -0.0107      |
|    std                  | 0.968        |
|    value_loss           | 677          |
------------------------------------------
-----------------------------------------
| rollout/                |             |
|    ep_len_mean          | 84.7        |
|    ep_rew_mean          | 429         |
| time/                   |             |
|    fps                  | 470         |
|    iterations           | 263         |
|    time_elapsed         | 3434        |
|    total_timesteps      | 1615872     |
| train/                  |             |
|    approx_kl            | 0.010802503 |
|    clip_fraction        | 0.0411      |
|    clip_range           | 0.2         |
|    entropy_loss         | -23.6       |
|    explained_variance   | 0.903       |
|    learning_rate        | 0.0003      |
|    loss                 | 372         |
|    n_updates            | 2620        |
|    policy_gradient_loss | -0.0166     |
|    std                  | 0.968       |
|    value_loss           | 769         |
-----------------------------------------
------------------------------------------
| rollout/                |              |
|    ep_len_mean          | 87.9         |
|    ep_rew_mean          | 444          |
| time/                   |              |
|    fps                  | 470          |
|    iterations           | 264          |
|    time_elapsed         | 3448         |
|    total_timesteps      | 1622016      |
| train/                  |              |
|    approx_kl            | 0.0099434545 |
|    clip_fraction        | 0.0396       |
|    clip_range           | 0.2          |
|    entropy_loss         | -23.6        |
|    explained_variance   | 0.911        |
|    learning_rate        | 0.0003       |
|    loss                 | 322          |
|    n_updates            | 2630         |
|    policy_gradient_loss | -0.0151      |
|    std                  | 0.968        |
|    value_loss           | 668          |
------------------------------------------
-----------------------------------------
| rollout/                |             |
|    ep_len_mean          | 86          |
|    ep_rew_mean          | 442         |
| time/                   |             |
|    fps                  | 470         |
|    iterations           | 265         |
|    time_elapsed         | 3464        |
|    total_timesteps      | 1628160     |
| train/                  |             |
|    approx_kl            | 0.008272352 |
|    clip_fraction        | 0.0289      |
|    clip_range           | 0.2         |
|    entropy_loss         | -23.6       |
|    explained_variance   | 0.897       |
|    learning_rate        | 0.0003      |
|    loss                 | 380         |
|    n_updates            | 2640        |
|    policy_gradient_loss | -0.0137     |
|    std                  | 0.968       |
|    value_loss           | 787         |
-----------------------------------------
-----------------------------------------
| rollout/                |             |
|    ep_len_mean          | 86.5        |
|    ep_rew_mean          | 441         |
| time/                   |             |
|    fps                  | 469         |
|    iterations           | 266         |
|    time_elapsed         | 3479        |
|    total_timesteps      | 1634304     |
| train/                  |             |
|    approx_kl            | 0.008437403 |
|    clip_fraction        | 0.0283      |
|    clip_range           | 0.2         |
|    entropy_loss         | -23.6       |
|    explained_variance   | 0.919       |
|    learning_rate        | 0.0003      |
|    loss                 | 335         |
|    n_updates            | 2650        |
|    policy_gradient_loss | -0.0142     |
|    std                  | 0.968       |
|    value_loss           | 693         |
-----------------------------------------
------------------------------------------
| rollout/                |              |
|    ep_len_mean          | 84.2         |
|    ep_rew_mean          | 428          |
| time/                   |              |
|    fps                  | 469          |
|    iterations           | 267          |
|    time_elapsed         | 3494         |
|    total_timesteps      | 1640448      |
| train/                  |              |
|    approx_kl            | 0.0110490685 |
|    clip_fraction        | 0.046        |
|    clip_range           | 0.2          |
|    entropy_loss         | -23.6        |
|    explained_variance   | 0.917        |
|    learning_rate        | 0.0003       |
|    loss                 | 333          |
|    n_updates            | 2660         |
|    policy_gradient_loss | -0.0159      |
|    std                  | 0.968        |
|    value_loss           | 688          |
------------------------------------------
-----------------------------------------
| rollout/                |             |
|    ep_len_mean          | 85.7        |
|    ep_rew_mean          | 434         |
| time/                   |             |
|    fps                  | 469         |
|    iterations           | 268         |
|    time_elapsed         | 3509        |
|    total_timesteps      | 1646592     |
| train/                  |             |
|    approx_kl            | 0.007436763 |
|    clip_fraction        | 0.0223      |
|    clip_range           | 0.2         |
|    entropy_loss         | -23.6       |
|    explained_variance   | 0.915       |
|    learning_rate        | 0.0003      |
|    loss                 | 320         |
|    n_updates            | 2670        |
|    policy_gradient_loss | -0.0126     |
|    std                  | 0.968       |
|    value_loss           | 665         |
-----------------------------------------
-----------------------------------------
| rollout/                |             |
|    ep_len_mean          | 87          |
|    ep_rew_mean          | 431         |
| time/                   |             |
|    fps                  | 468         |
|    iterations           | 269         |
|    time_elapsed         | 3524        |
|    total_timesteps      | 1652736     |
| train/                  |             |
|    approx_kl            | 0.008668534 |
|    clip_fraction        | 0.033       |
|    clip_range           | 0.2         |
|    entropy_loss         | -23.6       |
|    explained_variance   | 0.91        |
|    learning_rate        | 0.0003      |
|    loss                 | 329         |
|    n_updates            | 2680        |
|    policy_gradient_loss | -0.0148     |
|    std                  | 0.968       |
|    value_loss           | 685         |
-----------------------------------------
-----------------------------------------
| rollout/                |             |
|    ep_len_mean          | 88.4        |
|    ep_rew_mean          | 443         |
| time/                   |             |
|    fps                  | 468         |
|    iterations           | 270         |
|    time_elapsed         | 3539        |
|    total_timesteps      | 1658880     |
| train/                  |             |
|    approx_kl            | 0.005603142 |
|    clip_fraction        | 0.0157      |
|    clip_range           | 0.2         |
|    entropy_loss         | -23.6       |
|    explained_variance   | 0.909       |
|    learning_rate        | 0.0003      |
|    loss                 | 324         |
|    n_updates            | 2690        |
|    policy_gradient_loss | -0.00797    |
|    std                  | 0.968       |
|    value_loss           | 671         |
-----------------------------------------
-----------------------------------------
| rollout/                |             |
|    ep_len_mean          | 87.6        |
|    ep_rew_mean          | 440         |
| time/                   |             |
|    fps                  | 468         |
|    iterations           | 271         |
|    time_elapsed         | 3554        |
|    total_timesteps      | 1665024     |
| train/                  |             |
|    approx_kl            | 0.009178309 |
|    clip_fraction        | 0.035       |
|    clip_range           | 0.2         |
|    entropy_loss         | -23.6       |
|    explained_variance   | 0.904       |
|    learning_rate        | 0.0003      |
|    loss                 | 356         |
|    n_updates            | 2700        |
|    policy_gradient_loss | -0.0155     |
|    std                  | 0.968       |
|    value_loss           | 740         |
-----------------------------------------
------------------------------------------
| rollout/                |              |
|    ep_len_mean          | 84.9         |
|    ep_rew_mean          | 427          |
| time/                   |              |
|    fps                  | 468          |
|    iterations           | 272          |
|    time_elapsed         | 3567         |
|    total_timesteps      | 1671168      |
| train/                  |              |
|    approx_kl            | 0.0046453527 |
|    clip_fraction        | 0.0114       |
|    clip_range           | 0.2          |
|    entropy_loss         | -23.6        |
|    explained_variance   | 0.912        |
|    learning_rate        | 0.0003       |
|    loss                 | 343          |
|    n_updates            | 2710         |
|    policy_gradient_loss | -0.0086      |
|    std                  | 0.968        |
|    value_loss           | 708          |
------------------------------------------
------------------------------------------
| rollout/                |              |
|    ep_len_mean          | 83.2         |
|    ep_rew_mean          | 424          |
| time/                   |              |
|    fps                  | 468          |
|    iterations           | 273          |
|    time_elapsed         | 3580         |
|    total_timesteps      | 1677312      |
| train/                  |              |
|    approx_kl            | 0.0050112032 |
|    clip_fraction        | 0.0115       |
|    clip_range           | 0.2          |
|    entropy_loss         | -23.5        |
|    explained_variance   | 0.912        |
|    learning_rate        | 0.0003       |
|    loss                 | 312          |
|    n_updates            | 2720         |
|    policy_gradient_loss | -0.0113      |
|    std                  | 0.967        |
|    value_loss           | 646          |
------------------------------------------
-----------------------------------------
| rollout/                |             |
|    ep_len_mean          | 84.5        |
|    ep_rew_mean          | 429         |
| time/                   |             |
|    fps                  | 468         |
|    iterations           | 274         |
|    time_elapsed         | 3593        |
|    total_timesteps      | 1683456     |
| train/                  |             |
|    approx_kl            | 0.006621286 |
|    clip_fraction        | 0.0212      |
|    clip_range           | 0.2         |
|    entropy_loss         | -23.5       |
|    explained_variance   | 0.917       |
|    learning_rate        | 0.0003      |
|    loss                 | 310         |
|    n_updates            | 2730        |
|    policy_gradient_loss | -0.0132     |
|    std                  | 0.967       |
|    value_loss           | 643         |
-----------------------------------------
-----------------------------------------
| rollout/                |             |
|    ep_len_mean          | 85.7        |
|    ep_rew_mean          | 439         |
| time/                   |             |
|    fps                  | 468         |
|    iterations           | 275         |
|    time_elapsed         | 3607        |
|    total_timesteps      | 1689600     |
| train/                  |             |
|    approx_kl            | 0.009110081 |
|    clip_fraction        | 0.0314      |
|    clip_range           | 0.2         |
|    entropy_loss         | -23.5       |
|    explained_variance   | 0.919       |
|    learning_rate        | 0.0003      |
|    loss                 | 298         |
|    n_updates            | 2740        |
|    policy_gradient_loss | -0.0148     |
|    std                  | 0.967       |
|    value_loss           | 620         |
-----------------------------------------
-----------------------------------------
| rollout/                |             |
|    ep_len_mean          | 87.6        |
|    ep_rew_mean          | 443         |
| time/                   |             |
|    fps                  | 468         |
|    iterations           | 276         |
|    time_elapsed         | 3621        |
|    total_timesteps      | 1695744     |
| train/                  |             |
|    approx_kl            | 0.009201904 |
|    clip_fraction        | 0.0334      |
|    clip_range           | 0.2         |
|    entropy_loss         | -23.5       |
|    explained_variance   | 0.915       |
|    learning_rate        | 0.0003      |
|    loss                 | 314         |
|    n_updates            | 2750        |
|    policy_gradient_loss | -0.0134     |
|    std                  | 0.967       |
|    value_loss           | 648         |
-----------------------------------------
------------------------------------------
| rollout/                |              |
|    ep_len_mean          | 84.1         |
|    ep_rew_mean          | 424          |
| time/                   |              |
|    fps                  | 468          |
|    iterations           | 277          |
|    time_elapsed         | 3634         |
|    total_timesteps      | 1701888      |
| train/                  |              |
|    approx_kl            | 0.0073931273 |
|    clip_fraction        | 0.0217       |
|    clip_range           | 0.2          |
|    entropy_loss         | -23.5        |
|    explained_variance   | 0.904        |
|    learning_rate        | 0.0003       |
|    loss                 | 354          |
|    n_updates            | 2760         |
|    policy_gradient_loss | -0.0122      |
|    std                  | 0.967        |
|    value_loss           | 739          |
------------------------------------------
-----------------------------------------
| rollout/                |             |
|    ep_len_mean          | 85.9        |
|    ep_rew_mean          | 430         |
| time/                   |             |
|    fps                  | 467         |
|    iterations           | 278         |
|    time_elapsed         | 3655        |
|    total_timesteps      | 1708032     |
| train/                  |             |
|    approx_kl            | 0.007823404 |
|    clip_fraction        | 0.027       |
|    clip_range           | 0.2         |
|    entropy_loss         | -23.5       |
|    explained_variance   | 0.917       |
|    learning_rate        | 0.0003      |
|    loss                 | 304         |
|    n_updates            | 2770        |
|    policy_gradient_loss | -0.0135     |
|    std                  | 0.966       |
|    value_loss           | 629         |
-----------------------------------------
-----------------------------------------
| rollout/                |             |
|    ep_len_mean          | 87.7        |
|    ep_rew_mean          | 443         |
| time/                   |             |
|    fps                  | 467         |
|    iterations           | 279         |
|    time_elapsed         | 3669        |
|    total_timesteps      | 1714176     |
| train/                  |             |
|    approx_kl            | 0.008778873 |
|    clip_fraction        | 0.0318      |
|    clip_range           | 0.2         |
|    entropy_loss         | -23.5       |
|    explained_variance   | 0.919       |
|    learning_rate        | 0.0003      |
|    loss                 | 311         |
|    n_updates            | 2780        |
|    policy_gradient_loss | -0.0131     |
|    std                  | 0.966       |
|    value_loss           | 647         |
-----------------------------------------
-----------------------------------------
| rollout/                |             |
|    ep_len_mean          | 87.2        |
|    ep_rew_mean          | 440         |
| time/                   |             |
|    fps                  | 466         |
|    iterations           | 280         |
|    time_elapsed         | 3684        |
|    total_timesteps      | 1720320     |
| train/                  |             |
|    approx_kl            | 0.010788128 |
|    clip_fraction        | 0.044       |
|    clip_range           | 0.2         |
|    entropy_loss         | -23.5       |
|    explained_variance   | 0.915       |
|    learning_rate        | 0.0003      |
|    loss                 | 326         |
|    n_updates            | 2790        |
|    policy_gradient_loss | -0.0173     |
|    std                  | 0.966       |
|    value_loss           | 676         |
-----------------------------------------
-----------------------------------------
| rollout/                |             |
|    ep_len_mean          | 87          |
|    ep_rew_mean          | 439         |
| time/                   |             |
|    fps                  | 466         |
|    iterations           | 281         |
|    time_elapsed         | 3698        |
|    total_timesteps      | 1726464     |
| train/                  |             |
|    approx_kl            | 0.008111837 |
|    clip_fraction        | 0.0285      |
|    clip_range           | 0.2         |
|    entropy_loss         | -23.5       |
|    explained_variance   | 0.918       |
|    learning_rate        | 0.0003      |
|    loss                 | 308         |
|    n_updates            | 2800        |
|    policy_gradient_loss | -0.0134     |
|    std                  | 0.966       |
|    value_loss           | 639         |
-----------------------------------------
-----------------------------------------
| rollout/                |             |
|    ep_len_mean          | 88.7        |
|    ep_rew_mean          | 447         |
| time/                   |             |
|    fps                  | 466         |
|    iterations           | 282         |
|    time_elapsed         | 3712        |
|    total_timesteps      | 1732608     |
| train/                  |             |
|    approx_kl            | 0.006456115 |
|    clip_fraction        | 0.0191      |
|    clip_range           | 0.2         |
|    entropy_loss         | -23.5       |
|    explained_variance   | 0.917       |
|    learning_rate        | 0.0003      |
|    loss                 | 322         |
|    n_updates            | 2810        |
|    policy_gradient_loss | -0.0107     |
|    std                  | 0.966       |
|    value_loss           | 667         |
-----------------------------------------
-----------------------------------------
| rollout/                |             |
|    ep_len_mean          | 84.2        |
|    ep_rew_mean          | 426         |
| time/                   |             |
|    fps                  | 466         |
|    iterations           | 283         |
|    time_elapsed         | 3725        |
|    total_timesteps      | 1738752     |
| train/                  |             |
|    approx_kl            | 0.005087488 |
|    clip_fraction        | 0.0122      |
|    clip_range           | 0.2         |
|    entropy_loss         | -23.5       |
|    explained_variance   | 0.907       |
|    learning_rate        | 0.0003      |
|    loss                 | 352         |
|    n_updates            | 2820        |
|    policy_gradient_loss | -0.0101     |
|    std                  | 0.966       |
|    value_loss           | 730         |
-----------------------------------------
-----------------------------------------
| rollout/                |             |
|    ep_len_mean          | 88          |
|    ep_rew_mean          | 443         |
| time/                   |             |
|    fps                  | 466         |
|    iterations           | 284         |
|    time_elapsed         | 3737        |
|    total_timesteps      | 1744896     |
| train/                  |             |
|    approx_kl            | 0.007937108 |
|    clip_fraction        | 0.0278      |
|    clip_range           | 0.2         |
|    entropy_loss         | -23.5       |
|    explained_variance   | 0.919       |
|    learning_rate        | 0.0003      |
|    loss                 | 292         |
|    n_updates            | 2830        |
|    policy_gradient_loss | -0.0148     |
|    std                  | 0.966       |
|    value_loss           | 606         |
-----------------------------------------
-----------------------------------------
| rollout/                |             |
|    ep_len_mean          | 87.8        |
|    ep_rew_mean          | 441         |
| time/                   |             |
|    fps                  | 466         |
|    iterations           | 285         |
|    time_elapsed         | 3750        |
|    total_timesteps      | 1751040     |
| train/                  |             |
|    approx_kl            | 0.005584615 |
|    clip_fraction        | 0.0147      |
|    clip_range           | 0.2         |
|    entropy_loss         | -23.5       |
|    explained_variance   | 0.917       |
|    learning_rate        | 0.0003      |
|    loss                 | 327         |
|    n_updates            | 2840        |
|    policy_gradient_loss | -0.0108     |
|    std                  | 0.966       |
|    value_loss           | 677         |
-----------------------------------------
------------------------------------------
| rollout/                |              |
|    ep_len_mean          | 85.8         |
|    ep_rew_mean          | 435          |
| time/                   |              |
|    fps                  | 466          |
|    iterations           | 286          |
|    time_elapsed         | 3762         |
|    total_timesteps      | 1757184      |
| train/                  |              |
|    approx_kl            | 0.0075484444 |
|    clip_fraction        | 0.0245       |
|    clip_range           | 0.2          |
|    entropy_loss         | -23.5        |
|    explained_variance   | 0.912        |
|    learning_rate        | 0.0003       |
|    loss                 | 331          |
|    n_updates            | 2850         |
|    policy_gradient_loss | -0.0131      |
|    std                  | 0.966        |
|    value_loss           | 688          |
------------------------------------------
-----------------------------------------
| rollout/                |             |
|    ep_len_mean          | 85.1        |
|    ep_rew_mean          | 427         |
| time/                   |             |
|    fps                  | 466         |
|    iterations           | 287         |
|    time_elapsed         | 3779        |
|    total_timesteps      | 1763328     |
| train/                  |             |
|    approx_kl            | 0.006943561 |
|    clip_fraction        | 0.0227      |
|    clip_range           | 0.2         |
|    entropy_loss         | -23.5       |
|    explained_variance   | 0.915       |
|    learning_rate        | 0.0003      |
|    loss                 | 312         |
|    n_updates            | 2860        |
|    policy_gradient_loss | -0.0109     |
|    std                  | 0.965       |
|    value_loss           | 653         |
-----------------------------------------
------------------------------------------
| rollout/                |              |
|    ep_len_mean          | 84.2         |
|    ep_rew_mean          | 429          |
| time/                   |              |
|    fps                  | 466          |
|    iterations           | 288          |
|    time_elapsed         | 3791         |
|    total_timesteps      | 1769472      |
| train/                  |              |
|    approx_kl            | 0.0065991846 |
|    clip_fraction        | 0.0211       |
|    clip_range           | 0.2          |
|    entropy_loss         | -23.5        |
|    explained_variance   | 0.913        |
|    learning_rate        | 0.0003       |
|    loss                 | 315          |
|    n_updates            | 2870         |
|    policy_gradient_loss | -0.0119      |
|    std                  | 0.965        |
|    value_loss           | 656          |
------------------------------------------
------------------------------------------
| rollout/                |              |
|    ep_len_mean          | 85.8         |
|    ep_rew_mean          | 432          |
| time/                   |              |
|    fps                  | 466          |
|    iterations           | 289          |
|    time_elapsed         | 3803         |
|    total_timesteps      | 1775616      |
| train/                  |              |
|    approx_kl            | 0.0074315774 |
|    clip_fraction        | 0.0202       |
|    clip_range           | 0.2          |
|    entropy_loss         | -23.5        |
|    explained_variance   | 0.927        |
|    learning_rate        | 0.0003       |
|    loss                 | 270          |
|    n_updates            | 2880         |
|    policy_gradient_loss | -0.0128      |
|    std                  | 0.965        |
|    value_loss           | 561          |
------------------------------------------
-----------------------------------------
| rollout/                |             |
|    ep_len_mean          | 88.8        |
|    ep_rew_mean          | 447         |
| time/                   |             |
|    fps                  | 466         |
|    iterations           | 290         |
|    time_elapsed         | 3815        |
|    total_timesteps      | 1781760     |
| train/                  |             |
|    approx_kl            | 0.011137064 |
|    clip_fraction        | 0.0445      |
|    clip_range           | 0.2         |
|    entropy_loss         | -23.5       |
|    explained_variance   | 0.923       |
|    learning_rate        | 0.0003      |
|    loss                 | 290         |
|    n_updates            | 2890        |
|    policy_gradient_loss | -0.0178     |
|    std                  | 0.965       |
|    value_loss           | 603         |
-----------------------------------------
-----------------------------------------
| rollout/                |             |
|    ep_len_mean          | 87.6        |
|    ep_rew_mean          | 439         |
| time/                   |             |
|    fps                  | 467         |
|    iterations           | 291         |
|    time_elapsed         | 3826        |
|    total_timesteps      | 1787904     |
| train/                  |             |
|    approx_kl            | 0.008457457 |
|    clip_fraction        | 0.0332      |
|    clip_range           | 0.2         |
|    entropy_loss         | -23.5       |
|    explained_variance   | 0.92        |
|    learning_rate        | 0.0003      |
|    loss                 | 316         |
|    n_updates            | 2900        |
|    policy_gradient_loss | -0.0109     |
|    std                  | 0.965       |
|    value_loss           | 655         |
-----------------------------------------
------------------------------------------
| rollout/                |              |
|    ep_len_mean          | 86.9         |
|    ep_rew_mean          | 440          |
| time/                   |              |
|    fps                  | 467          |
|    iterations           | 292          |
|    time_elapsed         | 3839         |
|    total_timesteps      | 1794048      |
| train/                  |              |
|    approx_kl            | 0.0065450855 |
|    clip_fraction        | 0.0195       |
|    clip_range           | 0.2          |
|    entropy_loss         | -23.5        |
|    explained_variance   | 0.925        |
|    learning_rate        | 0.0003       |
|    loss                 | 280          |
|    n_updates            | 2910         |
|    policy_gradient_loss | -0.0134      |
|    std                  | 0.964        |
|    value_loss           | 581          |
------------------------------------------
-----------------------------------------
| rollout/                |             |
|    ep_len_mean          | 89.3        |
|    ep_rew_mean          | 454         |
| time/                   |             |
|    fps                  | 467         |
|    iterations           | 293         |
|    time_elapsed         | 3851        |
|    total_timesteps      | 1800192     |
| train/                  |             |
|    approx_kl            | 0.010116604 |
|    clip_fraction        | 0.0424      |
|    clip_range           | 0.2         |
|    entropy_loss         | -23.5       |
|    explained_variance   | 0.922       |
|    learning_rate        | 0.0003      |
|    loss                 | 315         |
|    n_updates            | 2920        |
|    policy_gradient_loss | -0.0171     |
|    std                  | 0.964       |
|    value_loss           | 655         |
-----------------------------------------
-----------------------------------------
| rollout/                |             |
|    ep_len_mean          | 85.6        |
|    ep_rew_mean          | 430         |
| time/                   |             |
|    fps                  | 467         |
|    iterations           | 294         |
|    time_elapsed         | 3863        |
|    total_timesteps      | 1806336     |
| train/                  |             |
|    approx_kl            | 0.010417592 |
|    clip_fraction        | 0.0403      |
|    clip_range           | 0.2         |
|    entropy_loss         | -23.5       |
|    explained_variance   | 0.923       |
|    learning_rate        | 0.0003      |
|    loss                 | 294         |
|    n_updates            | 2930        |
|    policy_gradient_loss | -0.0153     |
|    std                  | 0.964       |
|    value_loss           | 611         |
-----------------------------------------
-----------------------------------------
| rollout/                |             |
|    ep_len_mean          | 88.2        |
|    ep_rew_mean          | 445         |
| time/                   |             |
|    fps                  | 467         |
|    iterations           | 295         |
|    time_elapsed         | 3876        |
|    total_timesteps      | 1812480     |
| train/                  |             |
|    approx_kl            | 0.009597494 |
|    clip_fraction        | 0.0356      |
|    clip_range           | 0.2         |
|    entropy_loss         | -23.5       |
|    explained_variance   | 0.924       |
|    learning_rate        | 0.0003      |
|    loss                 | 286         |
|    n_updates            | 2940        |
|    policy_gradient_loss | -0.0144     |
|    std                  | 0.964       |
|    value_loss           | 598         |
-----------------------------------------
-----------------------------------------
| rollout/                |             |
|    ep_len_mean          | 86.1        |
|    ep_rew_mean          | 441         |
| time/                   |             |
|    fps                  | 467         |
|    iterations           | 296         |
|    time_elapsed         | 3891        |
|    total_timesteps      | 1818624     |
| train/                  |             |
|    approx_kl            | 0.009720131 |
|    clip_fraction        | 0.0354      |
|    clip_range           | 0.2         |
|    entropy_loss         | -23.5       |
|    explained_variance   | 0.923       |
|    learning_rate        | 0.0003      |
|    loss                 | 301         |
|    n_updates            | 2950        |
|    policy_gradient_loss | -0.0162     |
|    std                  | 0.964       |
|    value_loss           | 624         |
-----------------------------------------
-----------------------------------------
| rollout/                |             |
|    ep_len_mean          | 89.6        |
|    ep_rew_mean          | 456         |
| time/                   |             |
|    fps                  | 467         |
|    iterations           | 297         |
|    time_elapsed         | 3905        |
|    total_timesteps      | 1824768     |
| train/                  |             |
|    approx_kl            | 0.008640056 |
|    clip_fraction        | 0.0319      |
|    clip_range           | 0.2         |
|    entropy_loss         | -23.5       |
|    explained_variance   | 0.922       |
|    learning_rate        | 0.0003      |
|    loss                 | 314         |
|    n_updates            | 2960        |
|    policy_gradient_loss | -0.015      |
|    std                  | 0.964       |
|    value_loss           | 651         |
-----------------------------------------
-----------------------------------------
| rollout/                |             |
|    ep_len_mean          | 85.1        |
|    ep_rew_mean          | 441         |
| time/                   |             |
|    fps                  | 467         |
|    iterations           | 298         |
|    time_elapsed         | 3918        |
|    total_timesteps      | 1830912     |
| train/                  |             |
|    approx_kl            | 0.006954486 |
|    clip_fraction        | 0.0222      |
|    clip_range           | 0.2         |
|    entropy_loss         | -23.5       |
|    explained_variance   | 0.92        |
|    learning_rate        | 0.0003      |
|    loss                 | 322         |
|    n_updates            | 2970        |
|    policy_gradient_loss | -0.0115     |
|    std                  | 0.964       |
|    value_loss           | 673         |
-----------------------------------------
-----------------------------------------
| rollout/                |             |
|    ep_len_mean          | 85.5        |
|    ep_rew_mean          | 441         |
| time/                   |             |
|    fps                  | 467         |
|    iterations           | 299         |
|    time_elapsed         | 3930        |
|    total_timesteps      | 1837056     |
| train/                  |             |
|    approx_kl            | 0.009258452 |
|    clip_fraction        | 0.0329      |
|    clip_range           | 0.2         |
|    entropy_loss         | -23.5       |
|    explained_variance   | 0.925       |
|    learning_rate        | 0.0003      |
|    loss                 | 287         |
|    n_updates            | 2980        |
|    policy_gradient_loss | -0.0153     |
|    std                  | 0.964       |
|    value_loss           | 596         |
-----------------------------------------
-----------------------------------------
| rollout/                |             |
|    ep_len_mean          | 88.7        |
|    ep_rew_mean          | 452         |
| time/                   |             |
|    fps                  | 467         |
|    iterations           | 300         |
|    time_elapsed         | 3942        |
|    total_timesteps      | 1843200     |
| train/                  |             |
|    approx_kl            | 0.009998604 |
|    clip_fraction        | 0.036       |
|    clip_range           | 0.2         |
|    entropy_loss         | -23.5       |
|    explained_variance   | 0.926       |
|    learning_rate        | 0.0003      |
|    loss                 | 294         |
|    n_updates            | 2990        |
|    policy_gradient_loss | -0.0156     |
|    std                  | 0.964       |
|    value_loss           | 611         |
-----------------------------------------
------------------------------------------
| rollout/                |              |
|    ep_len_mean          | 88.9         |
|    ep_rew_mean          | 450          |
| time/                   |              |
|    fps                  | 467          |
|    iterations           | 301          |
|    time_elapsed         | 3957         |
|    total_timesteps      | 1849344      |
| train/                  |              |
|    approx_kl            | 0.0067944727 |
|    clip_fraction        | 0.0217       |
|    clip_range           | 0.2          |
|    entropy_loss         | -23.5        |
|    explained_variance   | 0.925        |
|    learning_rate        | 0.0003       |
|    loss                 | 291          |
|    n_updates            | 3000         |
|    policy_gradient_loss | -0.0108      |
|    std                  | 0.964        |
|    value_loss           | 607          |
------------------------------------------
-----------------------------------------
| rollout/                |             |
|    ep_len_mean          | 90.6        |
|    ep_rew_mean          | 463         |
| time/                   |             |
|    fps                  | 467         |
|    iterations           | 302         |
|    time_elapsed         | 3968        |
|    total_timesteps      | 1855488     |
| train/                  |             |
|    approx_kl            | 0.006326698 |
|    clip_fraction        | 0.0185      |
|    clip_range           | 0.2         |
|    entropy_loss         | -23.5       |
|    explained_variance   | 0.924       |
|    learning_rate        | 0.0003      |
|    loss                 | 313         |
|    n_updates            | 3010        |
|    policy_gradient_loss | -0.0108     |
|    std                  | 0.963       |
|    value_loss           | 646         |
-----------------------------------------
------------------------------------------
| rollout/                |              |
|    ep_len_mean          | 90.1         |
|    ep_rew_mean          | 458          |
| time/                   |              |
|    fps                  | 467          |
|    iterations           | 303          |
|    time_elapsed         | 3981         |
|    total_timesteps      | 1861632      |
| train/                  |              |
|    approx_kl            | 0.0070704357 |
|    clip_fraction        | 0.0216       |
|    clip_range           | 0.2          |
|    entropy_loss         | -23.5        |
|    explained_variance   | 0.92         |
|    learning_rate        | 0.0003       |
|    loss                 | 335          |
|    n_updates            | 3020         |
|    policy_gradient_loss | -0.0115      |
|    std                  | 0.963        |
|    value_loss           | 696          |
------------------------------------------
-----------------------------------------
| rollout/                |             |
|    ep_len_mean          | 88.9        |
|    ep_rew_mean          | 451         |
| time/                   |             |
|    fps                  | 467         |
|    iterations           | 304         |
|    time_elapsed         | 3995        |
|    total_timesteps      | 1867776     |
| train/                  |             |
|    approx_kl            | 0.010130033 |
|    clip_fraction        | 0.0382      |
|    clip_range           | 0.2         |
|    entropy_loss         | -23.5       |
|    explained_variance   | 0.93        |
|    learning_rate        | 0.0003      |
|    loss                 | 280         |
|    n_updates            | 3030        |
|    policy_gradient_loss | -0.0161     |
|    std                  | 0.963       |
|    value_loss           | 583         |
-----------------------------------------
-----------------------------------------
| rollout/                |             |
|    ep_len_mean          | 89.3        |
|    ep_rew_mean          | 458         |
| time/                   |             |
|    fps                  | 467         |
|    iterations           | 305         |
|    time_elapsed         | 4009        |
|    total_timesteps      | 1873920     |
| train/                  |             |
|    approx_kl            | 0.009242184 |
|    clip_fraction        | 0.0325      |
|    clip_range           | 0.2         |
|    entropy_loss         | -23.5       |
|    explained_variance   | 0.926       |
|    learning_rate        | 0.0003      |
|    loss                 | 291         |
|    n_updates            | 3040        |
|    policy_gradient_loss | -0.0143     |
|    std                  | 0.963       |
|    value_loss           | 606         |
-----------------------------------------
-----------------------------------------
| rollout/                |             |
|    ep_len_mean          | 88.7        |
|    ep_rew_mean          | 455         |
| time/                   |             |
|    fps                  | 467         |
|    iterations           | 306         |
|    time_elapsed         | 4021        |
|    total_timesteps      | 1880064     |
| train/                  |             |
|    approx_kl            | 0.009876036 |
|    clip_fraction        | 0.0432      |
|    clip_range           | 0.2         |
|    entropy_loss         | -23.5       |
|    explained_variance   | 0.923       |
|    learning_rate        | 0.0003      |
|    loss                 | 319         |
|    n_updates            | 3050        |
|    policy_gradient_loss | -0.0133     |
|    std                  | 0.962       |
|    value_loss           | 662         |
-----------------------------------------
-----------------------------------------
| rollout/                |             |
|    ep_len_mean          | 90.7        |
|    ep_rew_mean          | 461         |
| time/                   |             |
|    fps                  | 467         |
|    iterations           | 307         |
|    time_elapsed         | 4033        |
|    total_timesteps      | 1886208     |
| train/                  |             |
|    approx_kl            | 0.008276747 |
|    clip_fraction        | 0.0251      |
|    clip_range           | 0.2         |
|    entropy_loss         | -23.4       |
|    explained_variance   | 0.929       |
|    learning_rate        | 0.0003      |
|    loss                 | 291         |
|    n_updates            | 3060        |
|    policy_gradient_loss | -0.0136     |
|    std                  | 0.962       |
|    value_loss           | 604         |
-----------------------------------------
-----------------------------------------
| rollout/                |             |
|    ep_len_mean          | 90.3        |
|    ep_rew_mean          | 467         |
| time/                   |             |
|    fps                  | 467         |
|    iterations           | 308         |
|    time_elapsed         | 4048        |
|    total_timesteps      | 1892352     |
| train/                  |             |
|    approx_kl            | 0.006195411 |
|    clip_fraction        | 0.0191      |
|    clip_range           | 0.2         |
|    entropy_loss         | -23.4       |
|    explained_variance   | 0.923       |
|    learning_rate        | 0.0003      |
|    loss                 | 307         |
|    n_updates            | 3070        |
|    policy_gradient_loss | -0.00917    |
|    std                  | 0.962       |
|    value_loss           | 636         |
-----------------------------------------
------------------------------------------
| rollout/                |              |
|    ep_len_mean          | 90.1         |
|    ep_rew_mean          | 460          |
| time/                   |              |
|    fps                  | 467          |
|    iterations           | 309          |
|    time_elapsed         | 4060         |
|    total_timesteps      | 1898496      |
| train/                  |              |
|    approx_kl            | 0.0051265494 |
|    clip_fraction        | 0.0121       |
|    clip_range           | 0.2          |
|    entropy_loss         | -23.4        |
|    explained_variance   | 0.922        |
|    learning_rate        | 0.0003       |
|    loss                 | 328          |
|    n_updates            | 3080         |
|    policy_gradient_loss | -0.0101      |
|    std                  | 0.962        |
|    value_loss           | 680          |
------------------------------------------
-----------------------------------------
| rollout/                |             |
|    ep_len_mean          | 88.3        |
|    ep_rew_mean          | 455         |
| time/                   |             |
|    fps                  | 467         |
|    iterations           | 310         |
|    time_elapsed         | 4074        |
|    total_timesteps      | 1904640     |
| train/                  |             |
|    approx_kl            | 0.008404146 |
|    clip_fraction        | 0.0262      |
|    clip_range           | 0.2         |
|    entropy_loss         | -23.4       |
|    explained_variance   | 0.931       |
|    learning_rate        | 0.0003      |
|    loss                 | 271         |
|    n_updates            | 3090        |
|    policy_gradient_loss | -0.0131     |
|    std                  | 0.962       |
|    value_loss           | 566         |
-----------------------------------------
------------------------------------------
| rollout/                |              |
|    ep_len_mean          | 86.6         |
|    ep_rew_mean          | 445          |
| time/                   |              |
|    fps                  | 467          |
|    iterations           | 311          |
|    time_elapsed         | 4087         |
|    total_timesteps      | 1910784      |
| train/                  |              |
|    approx_kl            | 0.0080240015 |
|    clip_fraction        | 0.0282       |
|    clip_range           | 0.2          |
|    entropy_loss         | -23.4        |
|    explained_variance   | 0.927        |
|    learning_rate        | 0.0003       |
|    loss                 | 308          |
|    n_updates            | 3100         |
|    policy_gradient_loss | -0.0124      |
|    std                  | 0.962        |
|    value_loss           | 638          |
------------------------------------------
-----------------------------------------
| rollout/                |             |
|    ep_len_mean          | 87.6        |
|    ep_rew_mean          | 452         |
| time/                   |             |
|    fps                  | 467         |
|    iterations           | 312         |
|    time_elapsed         | 4099        |
|    total_timesteps      | 1916928     |
| train/                  |             |
|    approx_kl            | 0.010902493 |
|    clip_fraction        | 0.0432      |
|    clip_range           | 0.2         |
|    entropy_loss         | -23.4       |
|    explained_variance   | 0.932       |
|    learning_rate        | 0.0003      |
|    loss                 | 263         |
|    n_updates            | 3110        |
|    policy_gradient_loss | -0.0169     |
|    std                  | 0.962       |
|    value_loss           | 547         |
-----------------------------------------
-----------------------------------------
| rollout/                |             |
|    ep_len_mean          | 87.2        |
|    ep_rew_mean          | 452         |
| time/                   |             |
|    fps                  | 467         |
|    iterations           | 313         |
|    time_elapsed         | 4112        |
|    total_timesteps      | 1923072     |
| train/                  |             |
|    approx_kl            | 0.008135064 |
|    clip_fraction        | 0.0277      |
|    clip_range           | 0.2         |
|    entropy_loss         | -23.4       |
|    explained_variance   | 0.925       |
|    learning_rate        | 0.0003      |
|    loss                 | 306         |
|    n_updates            | 3120        |
|    policy_gradient_loss | -0.0117     |
|    std                  | 0.962       |
|    value_loss           | 634         |
-----------------------------------------
-----------------------------------------
| rollout/                |             |
|    ep_len_mean          | 87.2        |
|    ep_rew_mean          | 449         |
| time/                   |             |
|    fps                  | 467         |
|    iterations           | 314         |
|    time_elapsed         | 4128        |
|    total_timesteps      | 1929216     |
| train/                  |             |
|    approx_kl            | 0.008214779 |
|    clip_fraction        | 0.0263      |
|    clip_range           | 0.2         |
|    entropy_loss         | -23.4       |
|    explained_variance   | 0.936       |
|    learning_rate        | 0.0003      |
|    loss                 | 254         |
|    n_updates            | 3130        |
|    policy_gradient_loss | -0.0143     |
|    std                  | 0.961       |
|    value_loss           | 528         |
-----------------------------------------
----------------------------------------
| rollout/                |            |
|    ep_len_mean          | 85.2       |
|    ep_rew_mean          | 437        |
| time/                   |            |
|    fps                  | 467        |
|    iterations           | 315        |
|    time_elapsed         | 4142       |
|    total_timesteps      | 1935360    |
| train/                  |            |
|    approx_kl            | 0.00865191 |
|    clip_fraction        | 0.0332     |
|    clip_range           | 0.2        |
|    entropy_loss         | -23.4      |
|    explained_variance   | 0.93       |
|    learning_rate        | 0.0003     |
|    loss                 | 280        |
|    n_updates            | 3140       |
|    policy_gradient_loss | -0.0126    |
|    std                  | 0.961      |
|    value_loss           | 581        |
----------------------------------------
-----------------------------------------
| rollout/                |             |
|    ep_len_mean          | 83.7        |
|    ep_rew_mean          | 436         |
| time/                   |             |
|    fps                  | 467         |
|    iterations           | 316         |
|    time_elapsed         | 4155        |
|    total_timesteps      | 1941504     |
| train/                  |             |
|    approx_kl            | 0.006939212 |
|    clip_fraction        | 0.0195      |
|    clip_range           | 0.2         |
|    entropy_loss         | -23.4       |
|    explained_variance   | 0.931       |
|    learning_rate        | 0.0003      |
|    loss                 | 256         |
|    n_updates            | 3150        |
|    policy_gradient_loss | -0.0143     |
|    std                  | 0.96        |
|    value_loss           | 543         |
-----------------------------------------
----------------------------------------
| rollout/                |            |
|    ep_len_mean          | 84.4       |
|    ep_rew_mean          | 443        |
| time/                   |            |
|    fps                  | 467        |
|    iterations           | 317        |
|    time_elapsed         | 4170       |
|    total_timesteps      | 1947648    |
| train/                  |            |
|    approx_kl            | 0.00898031 |
|    clip_fraction        | 0.0332     |
|    clip_range           | 0.2        |
|    entropy_loss         | -23.4      |
|    explained_variance   | 0.933      |
|    learning_rate        | 0.0003     |
|    loss                 | 248        |
|    n_updates            | 3160       |
|    policy_gradient_loss | -0.0147    |
|    std                  | 0.96       |
|    value_loss           | 515        |
----------------------------------------
-----------------------------------------
| rollout/                |             |
|    ep_len_mean          | 85.9        |
|    ep_rew_mean          | 447         |
| time/                   |             |
|    fps                  | 466         |
|    iterations           | 318         |
|    time_elapsed         | 4185        |
|    total_timesteps      | 1953792     |
| train/                  |             |
|    approx_kl            | 0.009827379 |
|    clip_fraction        | 0.0373      |
|    clip_range           | 0.2         |
|    entropy_loss         | -23.4       |
|    explained_variance   | 0.931       |
|    learning_rate        | 0.0003      |
|    loss                 | 276         |
|    n_updates            | 3170        |
|    policy_gradient_loss | -0.0169     |
|    std                  | 0.96        |
|    value_loss           | 573         |
-----------------------------------------
-----------------------------------------
| rollout/                |             |
|    ep_len_mean          | 90          |
|    ep_rew_mean          | 467         |
| time/                   |             |
|    fps                  | 466         |
|    iterations           | 319         |
|    time_elapsed         | 4198        |
|    total_timesteps      | 1959936     |
| train/                  |             |
|    approx_kl            | 0.009552304 |
|    clip_fraction        | 0.038       |
|    clip_range           | 0.2         |
|    entropy_loss         | -23.4       |
|    explained_variance   | 0.93        |
|    learning_rate        | 0.0003      |
|    loss                 | 271         |
|    n_updates            | 3180        |
|    policy_gradient_loss | -0.015      |
|    std                  | 0.96        |
|    value_loss           | 567         |
-----------------------------------------
------------------------------------------
| rollout/                |              |
|    ep_len_mean          | 88.6         |
|    ep_rew_mean          | 457          |
| time/                   |              |
|    fps                  | 466          |
|    iterations           | 320          |
|    time_elapsed         | 4212         |
|    total_timesteps      | 1966080      |
| train/                  |              |
|    approx_kl            | 0.0064759455 |
|    clip_fraction        | 0.0181       |
|    clip_range           | 0.2          |
|    entropy_loss         | -23.4        |
|    explained_variance   | 0.93         |
|    learning_rate        | 0.0003       |
|    loss                 | 296          |
|    n_updates            | 3190         |
|    policy_gradient_loss | -0.0102      |
|    std                  | 0.96         |
|    value_loss           | 617          |
------------------------------------------
------------------------------------------
| rollout/                |              |
|    ep_len_mean          | 89.7         |
|    ep_rew_mean          | 463          |
| time/                   |              |
|    fps                  | 466          |
|    iterations           | 321          |
|    time_elapsed         | 4226         |
|    total_timesteps      | 1972224      |
| train/                  |              |
|    approx_kl            | 0.0076698214 |
|    clip_fraction        | 0.0258       |
|    clip_range           | 0.2          |
|    entropy_loss         | -23.4        |
|    explained_variance   | 0.932        |
|    learning_rate        | 0.0003       |
|    loss                 | 266          |
|    n_updates            | 3200         |
|    policy_gradient_loss | -0.0108      |
|    std                  | 0.96         |
|    value_loss           | 552          |
------------------------------------------
------------------------------------------
| rollout/                |              |
|    ep_len_mean          | 87.2         |
|    ep_rew_mean          | 445          |
| time/                   |              |
|    fps                  | 466          |
|    iterations           | 322          |
|    time_elapsed         | 4241         |
|    total_timesteps      | 1978368      |
| train/                  |              |
|    approx_kl            | 0.0076012127 |
|    clip_fraction        | 0.0237       |
|    clip_range           | 0.2          |
|    entropy_loss         | -23.4        |
|    explained_variance   | 0.925        |
|    learning_rate        | 0.0003       |
|    loss                 | 301          |
|    n_updates            | 3210         |
|    policy_gradient_loss | -0.013       |
|    std                  | 0.959        |
|    value_loss           | 627          |
------------------------------------------
-----------------------------------------
| rollout/                |             |
|    ep_len_mean          | 88.7        |
|    ep_rew_mean          | 453         |
| time/                   |             |
|    fps                  | 465         |
|    iterations           | 323         |
|    time_elapsed         | 4260        |
|    total_timesteps      | 1984512     |
| train/                  |             |
|    approx_kl            | 0.008191671 |
|    clip_fraction        | 0.0264      |
|    clip_range           | 0.2         |
|    entropy_loss         | -23.4       |
|    explained_variance   | 0.937       |
|    learning_rate        | 0.0003      |
|    loss                 | 243         |
|    n_updates            | 3220        |
|    policy_gradient_loss | -0.0131     |
|    std                  | 0.959       |
|    value_loss           | 506         |
-----------------------------------------
-----------------------------------------
| rollout/                |             |
|    ep_len_mean          | 86.7        |
|    ep_rew_mean          | 448         |
| time/                   |             |
|    fps                  | 465         |
|    iterations           | 324         |
|    time_elapsed         | 4275        |
|    total_timesteps      | 1990656     |
| train/                  |             |
|    approx_kl            | 0.009391616 |
|    clip_fraction        | 0.034       |
|    clip_range           | 0.2         |
|    entropy_loss         | -23.4       |
|    explained_variance   | 0.934       |
|    learning_rate        | 0.0003      |
|    loss                 | 265         |
|    n_updates            | 3230        |
|    policy_gradient_loss | -0.0163     |
|    std                  | 0.958       |
|    value_loss           | 555         |
-----------------------------------------
-----------------------------------------
| rollout/                |             |
|    ep_len_mean          | 89.6        |
|    ep_rew_mean          | 464         |
| time/                   |             |
|    fps                  | 465         |
|    iterations           | 325         |
|    time_elapsed         | 4291        |
|    total_timesteps      | 1996800     |
| train/                  |             |
|    approx_kl            | 0.009600857 |
|    clip_fraction        | 0.0374      |
|    clip_range           | 0.2         |
|    entropy_loss         | -23.4       |
|    explained_variance   | 0.937       |
|    learning_rate        | 0.0003      |
|    loss                 | 254         |
|    n_updates            | 3240        |
|    policy_gradient_loss | -0.0144     |
|    std                  | 0.958       |
|    value_loss           | 529         |
-----------------------------------------
-----------------------------------------
| rollout/                |             |
|    ep_len_mean          | 92.5        |
|    ep_rew_mean          | 481         |
| time/                   |             |
|    fps                  | 465         |
|    iterations           | 326         |
|    time_elapsed         | 4307        |
|    total_timesteps      | 2002944     |
| train/                  |             |
|    approx_kl            | 0.009769801 |
|    clip_fraction        | 0.0388      |
|    clip_range           | 0.2         |
|    entropy_loss         | -23.4       |
|    explained_variance   | 0.933       |
|    learning_rate        | 0.0003      |
|    loss                 | 273         |
|    n_updates            | 3250        |
|    policy_gradient_loss | -0.0147     |
|    std                  | 0.958       |
|    value_loss           | 570         |
-----------------------------------------
-----------------------------------------
| rollout/                |             |
|    ep_len_mean          | 92          |
|    ep_rew_mean          | 467         |
| time/                   |             |
|    fps                  | 464         |
|    iterations           | 327         |
|    time_elapsed         | 4321        |
|    total_timesteps      | 2009088     |
| train/                  |             |
|    approx_kl            | 0.007864275 |
|    clip_fraction        | 0.0284      |
|    clip_range           | 0.2         |
|    entropy_loss         | -23.4       |
|    explained_variance   | 0.932       |
|    learning_rate        | 0.0003      |
|    loss                 | 297         |
|    n_updates            | 3260        |
|    policy_gradient_loss | -0.0119     |
|    std                  | 0.957       |
|    value_loss           | 614         |
-----------------------------------------
------------------------------------------
| rollout/                |              |
|    ep_len_mean          | 86.3         |
|    ep_rew_mean          | 441          |
| time/                   |              |
|    fps                  | 464          |
|    iterations           | 328          |
|    time_elapsed         | 4336         |
|    total_timesteps      | 2015232      |
| train/                  |              |
|    approx_kl            | 0.0056104963 |
|    clip_fraction        | 0.0143       |
|    clip_range           | 0.2          |
|    entropy_loss         | -23.4        |
|    explained_variance   | 0.931        |
|    learning_rate        | 0.0003       |
|    loss                 | 270          |
|    n_updates            | 3270         |
|    policy_gradient_loss | -0.0109      |
|    std                  | 0.957        |
|    value_loss           | 562          |
------------------------------------------
------------------------------------------
| rollout/                |              |
|    ep_len_mean          | 89.6         |
|    ep_rew_mean          | 460          |
| time/                   |              |
|    fps                  | 464          |
|    iterations           | 329          |
|    time_elapsed         | 4351         |
|    total_timesteps      | 2021376      |
| train/                  |              |
|    approx_kl            | 0.0054630972 |
|    clip_fraction        | 0.0143       |
|    clip_range           | 0.2          |
|    entropy_loss         | -23.4        |
|    explained_variance   | 0.939        |
|    learning_rate        | 0.0003       |
|    loss                 | 237          |
|    n_updates            | 3280         |
|    policy_gradient_loss | -0.0122      |
|    std                  | 0.957        |
|    value_loss           | 491          |
------------------------------------------
------------------------------------------
| rollout/                |              |
|    ep_len_mean          | 87.8         |
|    ep_rew_mean          | 448          |
| time/                   |              |
|    fps                  | 464          |
|    iterations           | 330          |
|    time_elapsed         | 4367         |
|    total_timesteps      | 2027520      |
| train/                  |              |
|    approx_kl            | 0.0070297453 |
|    clip_fraction        | 0.0214       |
|    clip_range           | 0.2          |
|    entropy_loss         | -23.4        |
|    explained_variance   | 0.927        |
|    learning_rate        | 0.0003       |
|    loss                 | 300          |
|    n_updates            | 3290         |
|    policy_gradient_loss | -0.0126      |
|    std                  | 0.957        |
|    value_loss           | 623          |
------------------------------------------
-----------------------------------------
| rollout/                |             |
|    ep_len_mean          | 88.4        |
|    ep_rew_mean          | 452         |
| time/                   |             |
|    fps                  | 464         |
|    iterations           | 331         |
|    time_elapsed         | 4382        |
|    total_timesteps      | 2033664     |
| train/                  |             |
|    approx_kl            | 0.007830907 |
|    clip_fraction        | 0.0262      |
|    clip_range           | 0.2         |
|    entropy_loss         | -23.3       |
|    explained_variance   | 0.93        |
|    learning_rate        | 0.0003      |
|    loss                 | 264         |
|    n_updates            | 3300        |
|    policy_gradient_loss | -0.013      |
|    std                  | 0.957       |
|    value_loss           | 552         |
-----------------------------------------
-----------------------------------------
| rollout/                |             |
|    ep_len_mean          | 87.3        |
|    ep_rew_mean          | 446         |
| time/                   |             |
|    fps                  | 463         |
|    iterations           | 332         |
|    time_elapsed         | 4398        |
|    total_timesteps      | 2039808     |
| train/                  |             |
|    approx_kl            | 0.005844036 |
|    clip_fraction        | 0.0172      |
|    clip_range           | 0.2         |
|    entropy_loss         | -23.3       |
|    explained_variance   | 0.933       |
|    learning_rate        | 0.0003      |
|    loss                 | 270         |
|    n_updates            | 3310        |
|    policy_gradient_loss | -0.0102     |
|    std                  | 0.957       |
|    value_loss           | 564         |
-----------------------------------------
-----------------------------------------
| rollout/                |             |
|    ep_len_mean          | 89.2        |
|    ep_rew_mean          | 451         |
| time/                   |             |
|    fps                  | 463         |
|    iterations           | 333         |
|    time_elapsed         | 4414        |
|    total_timesteps      | 2045952     |
| train/                  |             |
|    approx_kl            | 0.006879347 |
|    clip_fraction        | 0.0196      |
|    clip_range           | 0.2         |
|    entropy_loss         | -23.3       |
|    explained_variance   | 0.939       |
|    learning_rate        | 0.0003      |
|    loss                 | 236         |
|    n_updates            | 3320        |
|    policy_gradient_loss | -0.0128     |
|    std                  | 0.957       |
|    value_loss           | 494         |
-----------------------------------------
-----------------------------------------
| rollout/                |             |
|    ep_len_mean          | 93.7        |
|    ep_rew_mean          | 469         |
| time/                   |             |
|    fps                  | 463         |
|    iterations           | 334         |
|    time_elapsed         | 4429        |
|    total_timesteps      | 2052096     |
| train/                  |             |
|    approx_kl            | 0.006066432 |
|    clip_fraction        | 0.0183      |
|    clip_range           | 0.2         |
|    entropy_loss         | -23.3       |
|    explained_variance   | 0.933       |
|    learning_rate        | 0.0003      |
|    loss                 | 251         |
|    n_updates            | 3330        |
|    policy_gradient_loss | -0.0106     |
|    std                  | 0.957       |
|    value_loss           | 527         |
-----------------------------------------
-----------------------------------------
| rollout/                |             |
|    ep_len_mean          | 91.6        |
|    ep_rew_mean          | 465         |
| time/                   |             |
|    fps                  | 463         |
|    iterations           | 335         |
|    time_elapsed         | 4444        |
|    total_timesteps      | 2058240     |
| train/                  |             |
|    approx_kl            | 0.006052762 |
|    clip_fraction        | 0.0146      |
|    clip_range           | 0.2         |
|    entropy_loss         | -23.3       |
|    explained_variance   | 0.937       |
|    learning_rate        | 0.0003      |
|    loss                 | 271         |
|    n_updates            | 3340        |
|    policy_gradient_loss | -0.0108     |
|    std                  | 0.956       |
|    value_loss           | 567         |
-----------------------------------------
------------------------------------------
| rollout/                |              |
|    ep_len_mean          | 89.8         |
|    ep_rew_mean          | 462          |
| time/                   |              |
|    fps                  | 463          |
|    iterations           | 336          |
|    time_elapsed         | 4457         |
|    total_timesteps      | 2064384      |
| train/                  |              |
|    approx_kl            | 0.0061924956 |
|    clip_fraction        | 0.0191       |
|    clip_range           | 0.2          |
|    entropy_loss         | -23.3        |
|    explained_variance   | 0.931        |
|    learning_rate        | 0.0003       |
|    loss                 | 274          |
|    n_updates            | 3350         |
|    policy_gradient_loss | -0.00962     |
|    std                  | 0.956        |
|    value_loss           | 573          |
------------------------------------------
------------------------------------------
| rollout/                |              |
|    ep_len_mean          | 93.2         |
|    ep_rew_mean          | 478          |
| time/                   |              |
|    fps                  | 462          |
|    iterations           | 337          |
|    time_elapsed         | 4473         |
|    total_timesteps      | 2070528      |
| train/                  |              |
|    approx_kl            | 0.0062961825 |
|    clip_fraction        | 0.0167       |
|    clip_range           | 0.2          |
|    entropy_loss         | -23.3        |
|    explained_variance   | 0.93         |
|    learning_rate        | 0.0003       |
|    loss                 | 296          |
|    n_updates            | 3360         |
|    policy_gradient_loss | -0.0105      |
|    std                  | 0.956        |
|    value_loss           | 618          |
------------------------------------------
-----------------------------------------
| rollout/                |             |
|    ep_len_mean          | 90.8        |
|    ep_rew_mean          | 457         |
| time/                   |             |
|    fps                  | 462         |
|    iterations           | 338         |
|    time_elapsed         | 4490        |
|    total_timesteps      | 2076672     |
| train/                  |             |
|    approx_kl            | 0.007691083 |
|    clip_fraction        | 0.0264      |
|    clip_range           | 0.2         |
|    entropy_loss         | -23.3       |
|    explained_variance   | 0.932       |
|    learning_rate        | 0.0003      |
|    loss                 | 286         |
|    n_updates            | 3370        |
|    policy_gradient_loss | -0.0114     |
|    std                  | 0.956       |
|    value_loss           | 596         |
-----------------------------------------
-----------------------------------------
| rollout/                |             |
|    ep_len_mean          | 91.2        |
|    ep_rew_mean          | 464         |
| time/                   |             |
|    fps                  | 462         |
|    iterations           | 339         |
|    time_elapsed         | 4504        |
|    total_timesteps      | 2082816     |
| train/                  |             |
|    approx_kl            | 0.008661446 |
|    clip_fraction        | 0.0331      |
|    clip_range           | 0.2         |
|    entropy_loss         | -23.3       |
|    explained_variance   | 0.937       |
|    learning_rate        | 0.0003      |
|    loss                 | 236         |
|    n_updates            | 3380        |
|    policy_gradient_loss | -0.0141     |
|    std                  | 0.956       |
|    value_loss           | 500         |
-----------------------------------------
-----------------------------------------
| rollout/                |             |
|    ep_len_mean          | 92.4        |
|    ep_rew_mean          | 468         |
| time/                   |             |
|    fps                  | 462         |
|    iterations           | 340         |
|    time_elapsed         | 4518        |
|    total_timesteps      | 2088960     |
| train/                  |             |
|    approx_kl            | 0.006100143 |
|    clip_fraction        | 0.0157      |
|    clip_range           | 0.2         |
|    entropy_loss         | -23.3       |
|    explained_variance   | 0.937       |
|    learning_rate        | 0.0003      |
|    loss                 | 256         |
|    n_updates            | 3390        |
|    policy_gradient_loss | -0.00765    |
|    std                  | 0.956       |
|    value_loss           | 536         |
-----------------------------------------
------------------------------------------
| rollout/                |              |
|    ep_len_mean          | 94.1         |
|    ep_rew_mean          | 475          |
| time/                   |              |
|    fps                  | 462          |
|    iterations           | 341          |
|    time_elapsed         | 4533         |
|    total_timesteps      | 2095104      |
| train/                  |              |
|    approx_kl            | 0.0040556323 |
|    clip_fraction        | 0.00804      |
|    clip_range           | 0.2          |
|    entropy_loss         | -23.3        |
|    explained_variance   | 0.934        |
|    learning_rate        | 0.0003       |
|    loss                 | 271          |
|    n_updates            | 3400         |
|    policy_gradient_loss | -0.00548     |
|    std                  | 0.955        |
|    value_loss           | 568          |
------------------------------------------
------------------------------------------
| rollout/                |              |
|    ep_len_mean          | 93.5         |
|    ep_rew_mean          | 469          |
| time/                   |              |
|    fps                  | 461          |
|    iterations           | 342          |
|    time_elapsed         | 4551         |
|    total_timesteps      | 2101248      |
| train/                  |              |
|    approx_kl            | 0.0053588063 |
|    clip_fraction        | 0.0127       |
|    clip_range           | 0.2          |
|    entropy_loss         | -23.3        |
|    explained_variance   | 0.928        |
|    learning_rate        | 0.0003       |
|    loss                 | 285          |
|    n_updates            | 3410         |
|    policy_gradient_loss | -0.0111      |
|    std                  | 0.955        |
|    value_loss           | 594          |
------------------------------------------
------------------------------------------
| rollout/                |              |
|    ep_len_mean          | 92.2         |
|    ep_rew_mean          | 472          |
| time/                   |              |
|    fps                  | 461          |
|    iterations           | 343          |
|    time_elapsed         | 4565         |
|    total_timesteps      | 2107392      |
| train/                  |              |
|    approx_kl            | 0.0075903535 |
|    clip_fraction        | 0.0253       |
|    clip_range           | 0.2          |
|    entropy_loss         | -23.3        |
|    explained_variance   | 0.931        |
|    learning_rate        | 0.0003       |
|    loss                 | 277          |
|    n_updates            | 3420         |
|    policy_gradient_loss | -0.0128      |
|    std                  | 0.955        |
|    value_loss           | 579          |
------------------------------------------
----------------------------------------
| rollout/                |            |
|    ep_len_mean          | 91         |
|    ep_rew_mean          | 466        |
| time/                   |            |
|    fps                  | 461        |
|    iterations           | 344        |
|    time_elapsed         | 4580       |
|    total_timesteps      | 2113536    |
| train/                  |            |
|    approx_kl            | 0.00835971 |
|    clip_fraction        | 0.0284     |
|    clip_range           | 0.2        |
|    entropy_loss         | -23.3      |
|    explained_variance   | 0.928      |
|    learning_rate        | 0.0003     |
|    loss                 | 295        |
|    n_updates            | 3430       |
|    policy_gradient_loss | -0.0144    |
|    std                  | 0.955      |
|    value_loss           | 613        |
----------------------------------------
-----------------------------------------
| rollout/                |             |
|    ep_len_mean          | 93.6        |
|    ep_rew_mean          | 472         |
| time/                   |             |
|    fps                  | 461         |
|    iterations           | 345         |
|    time_elapsed         | 4595        |
|    total_timesteps      | 2119680     |
| train/                  |             |
|    approx_kl            | 0.008027897 |
|    clip_fraction        | 0.0272      |
|    clip_range           | 0.2         |
|    entropy_loss         | -23.3       |
|    explained_variance   | 0.934       |
|    learning_rate        | 0.0003      |
|    loss                 | 264         |
|    n_updates            | 3440        |
|    policy_gradient_loss | -0.0123     |
|    std                  | 0.954       |
|    value_loss           | 550         |
-----------------------------------------
------------------------------------------
| rollout/                |              |
|    ep_len_mean          | 91.6         |
|    ep_rew_mean          | 465          |
| time/                   |              |
|    fps                  | 460          |
|    iterations           | 346          |
|    time_elapsed         | 4611         |
|    total_timesteps      | 2125824      |
| train/                  |              |
|    approx_kl            | 0.0072440733 |
|    clip_fraction        | 0.0223       |
|    clip_range           | 0.2          |
|    entropy_loss         | -23.3        |
|    explained_variance   | 0.934        |
|    learning_rate        | 0.0003       |
|    loss                 | 275          |
|    n_updates            | 3450         |
|    policy_gradient_loss | -0.0122      |
|    std                  | 0.954        |
|    value_loss           | 576          |
------------------------------------------
-----------------------------------------
| rollout/                |             |
|    ep_len_mean          | 93.7        |
|    ep_rew_mean          | 477         |
| time/                   |             |
|    fps                  | 460         |
|    iterations           | 347         |
|    time_elapsed         | 4624        |
|    total_timesteps      | 2131968     |
| train/                  |             |
|    approx_kl            | 0.008059453 |
|    clip_fraction        | 0.0281      |
|    clip_range           | 0.2         |
|    entropy_loss         | -23.3       |
|    explained_variance   | 0.933       |
|    learning_rate        | 0.0003      |
|    loss                 | 262         |
|    n_updates            | 3460        |
|    policy_gradient_loss | -0.0133     |
|    std                  | 0.954       |
|    value_loss           | 554         |
-----------------------------------------
-----------------------------------------
| rollout/                |             |
|    ep_len_mean          | 93.1        |
|    ep_rew_mean          | 469         |
| time/                   |             |
|    fps                  | 461         |
|    iterations           | 348         |
|    time_elapsed         | 4637        |
|    total_timesteps      | 2138112     |
| train/                  |             |
|    approx_kl            | 0.007199205 |
|    clip_fraction        | 0.0248      |
|    clip_range           | 0.2         |
|    entropy_loss         | -23.3       |
|    explained_variance   | 0.934       |
|    learning_rate        | 0.0003      |
|    loss                 | 269         |
|    n_updates            | 3470        |
|    policy_gradient_loss | -0.0126     |
|    std                  | 0.954       |
|    value_loss           | 567         |
-----------------------------------------
------------------------------------------
| rollout/                |              |
|    ep_len_mean          | 93.6         |
|    ep_rew_mean          | 473          |
| time/                   |              |
|    fps                  | 461          |
|    iterations           | 349          |
|    time_elapsed         | 4650         |
|    total_timesteps      | 2144256      |
| train/                  |              |
|    approx_kl            | 0.0063936687 |
|    clip_fraction        | 0.018        |
|    clip_range           | 0.2          |
|    entropy_loss         | -23.3        |
|    explained_variance   | 0.935        |
|    learning_rate        | 0.0003       |
|    loss                 | 268          |
|    n_updates            | 3480         |
|    policy_gradient_loss | -0.0119      |
|    std                  | 0.954        |
|    value_loss           | 560          |
------------------------------------------
------------------------------------------
| rollout/                |              |
|    ep_len_mean          | 95           |
|    ep_rew_mean          | 484          |
| time/                   |              |
|    fps                  | 461          |
|    iterations           | 350          |
|    time_elapsed         | 4663         |
|    total_timesteps      | 2150400      |
| train/                  |              |
|    approx_kl            | 0.0057563223 |
|    clip_fraction        | 0.0161       |
|    clip_range           | 0.2          |
|    entropy_loss         | -23.3        |
|    explained_variance   | 0.931        |
|    learning_rate        | 0.0003       |
|    loss                 | 279          |
|    n_updates            | 3490         |
|    policy_gradient_loss | -0.00845     |
|    std                  | 0.953        |
|    value_loss           | 585          |
------------------------------------------
-----------------------------------------
| rollout/                |             |
|    ep_len_mean          | 90.9        |
|    ep_rew_mean          | 464         |
| time/                   |             |
|    fps                  | 461         |
|    iterations           | 351         |
|    time_elapsed         | 4676        |
|    total_timesteps      | 2156544     |
| train/                  |             |
|    approx_kl            | 0.003966671 |
|    clip_fraction        | 0.00701     |
|    clip_range           | 0.2         |
|    entropy_loss         | -23.3       |
|    explained_variance   | 0.925       |
|    learning_rate        | 0.0003      |
|    loss                 | 300         |
|    n_updates            | 3500        |
|    policy_gradient_loss | -0.00571    |
|    std                  | 0.953       |
|    value_loss           | 630         |
-----------------------------------------
------------------------------------------
| rollout/                |              |
|    ep_len_mean          | 91.5         |
|    ep_rew_mean          | 467          |
| time/                   |              |
|    fps                  | 461          |
|    iterations           | 352          |
|    time_elapsed         | 4689         |
|    total_timesteps      | 2162688      |
| train/                  |              |
|    approx_kl            | 0.0050266376 |
|    clip_fraction        | 0.012        |
|    clip_range           | 0.2          |
|    entropy_loss         | -23.3        |
|    explained_variance   | 0.934        |
|    learning_rate        | 0.0003       |
|    loss                 | 267          |
|    n_updates            | 3510         |
|    policy_gradient_loss | -0.0108      |
|    std                  | 0.953        |
|    value_loss           | 557          |
------------------------------------------
------------------------------------------
| rollout/                |              |
|    ep_len_mean          | 93.8         |
|    ep_rew_mean          | 472          |
| time/                   |              |
|    fps                  | 461          |
|    iterations           | 353          |
|    time_elapsed         | 4701         |
|    total_timesteps      | 2168832      |
| train/                  |              |
|    approx_kl            | 0.0051211603 |
|    clip_fraction        | 0.0128       |
|    clip_range           | 0.2          |
|    entropy_loss         | -23.3        |
|    explained_variance   | 0.932        |
|    learning_rate        | 0.0003       |
|    loss                 | 274          |
|    n_updates            | 3520         |
|    policy_gradient_loss | -0.00936     |
|    std                  | 0.953        |
|    value_loss           | 571          |
------------------------------------------
-----------------------------------------
| rollout/                |             |
|    ep_len_mean          | 90.4        |
|    ep_rew_mean          | 451         |
| time/                   |             |
|    fps                  | 461         |
|    iterations           | 354         |
|    time_elapsed         | 4714        |
|    total_timesteps      | 2174976     |
| train/                  |             |
|    approx_kl            | 0.007831108 |
|    clip_fraction        | 0.0253      |
|    clip_range           | 0.2         |
|    entropy_loss         | -23.3       |
|    explained_variance   | 0.936       |
|    learning_rate        | 0.0003      |
|    loss                 | 254         |
|    n_updates            | 3530        |
|    policy_gradient_loss | -0.0128     |
|    std                  | 0.953       |
|    value_loss           | 533         |
-----------------------------------------
------------------------------------------
| rollout/                |              |
|    ep_len_mean          | 91.8         |
|    ep_rew_mean          | 461          |
| time/                   |              |
|    fps                  | 461          |
|    iterations           | 355          |
|    time_elapsed         | 4727         |
|    total_timesteps      | 2181120      |
| train/                  |              |
|    approx_kl            | 0.0063015413 |
|    clip_fraction        | 0.0191       |
|    clip_range           | 0.2          |
|    entropy_loss         | -23.3        |
|    explained_variance   | 0.935        |
|    learning_rate        | 0.0003       |
|    loss                 | 236          |
|    n_updates            | 3540         |
|    policy_gradient_loss | -0.0111      |
|    std                  | 0.953        |
|    value_loss           | 498          |
------------------------------------------
------------------------------------------
| rollout/                |              |
|    ep_len_mean          | 91.9         |
|    ep_rew_mean          | 469          |
| time/                   |              |
|    fps                  | 461          |
|    iterations           | 356          |
|    time_elapsed         | 4740         |
|    total_timesteps      | 2187264      |
| train/                  |              |
|    approx_kl            | 0.0071897297 |
|    clip_fraction        | 0.022        |
|    clip_range           | 0.2          |
|    entropy_loss         | -23.3        |
|    explained_variance   | 0.941        |
|    learning_rate        | 0.0003       |
|    loss                 | 243          |
|    n_updates            | 3550         |
|    policy_gradient_loss | -0.0123      |
|    std                  | 0.953        |
|    value_loss           | 508          |
------------------------------------------
-----------------------------------------
| rollout/                |             |
|    ep_len_mean          | 90.6        |
|    ep_rew_mean          | 461         |
| time/                   |             |
|    fps                  | 461         |
|    iterations           | 357         |
|    time_elapsed         | 4752        |
|    total_timesteps      | 2193408     |
| train/                  |             |
|    approx_kl            | 0.011720225 |
|    clip_fraction        | 0.0471      |
|    clip_range           | 0.2         |
|    entropy_loss         | -23.3       |
|    explained_variance   | 0.946       |
|    learning_rate        | 0.0003      |
|    loss                 | 215         |
|    n_updates            | 3560        |
|    policy_gradient_loss | -0.0162     |
|    std                  | 0.953       |
|    value_loss           | 449         |
-----------------------------------------
-----------------------------------------
| rollout/                |             |
|    ep_len_mean          | 92.3        |
|    ep_rew_mean          | 471         |
| time/                   |             |
|    fps                  | 461         |
|    iterations           | 358         |
|    time_elapsed         | 4765        |
|    total_timesteps      | 2199552     |
| train/                  |             |
|    approx_kl            | 0.009871847 |
|    clip_fraction        | 0.0386      |
|    clip_range           | 0.2         |
|    entropy_loss         | -23.3       |
|    explained_variance   | 0.938       |
|    learning_rate        | 0.0003      |
|    loss                 | 249         |
|    n_updates            | 3570        |
|    policy_gradient_loss | -0.0136     |
|    std                  | 0.953       |
|    value_loss           | 522         |
-----------------------------------------
-----------------------------------------
| rollout/                |             |
|    ep_len_mean          | 91.2        |
|    ep_rew_mean          | 466         |
| time/                   |             |
|    fps                  | 461         |
|    iterations           | 359         |
|    time_elapsed         | 4778        |
|    total_timesteps      | 2205696     |
| train/                  |             |
|    approx_kl            | 0.008021015 |
|    clip_fraction        | 0.0263      |
|    clip_range           | 0.2         |
|    entropy_loss         | -23.3       |
|    explained_variance   | 0.94        |
|    learning_rate        | 0.0003      |
|    loss                 | 260         |
|    n_updates            | 3580        |
|    policy_gradient_loss | -0.0129     |
|    std                  | 0.953       |
|    value_loss           | 543         |
-----------------------------------------
-----------------------------------------
| rollout/                |             |
|    ep_len_mean          | 91.1        |
|    ep_rew_mean          | 462         |
| time/                   |             |
|    fps                  | 461         |
|    iterations           | 360         |
|    time_elapsed         | 4791        |
|    total_timesteps      | 2211840     |
| train/                  |             |
|    approx_kl            | 0.008301267 |
|    clip_fraction        | 0.0278      |
|    clip_range           | 0.2         |
|    entropy_loss         | -23.3       |
|    explained_variance   | 0.943       |
|    learning_rate        | 0.0003      |
|    loss                 | 214         |
|    n_updates            | 3590        |
|    policy_gradient_loss | -0.0131     |
|    std                  | 0.953       |
|    value_loss           | 452         |
-----------------------------------------
------------------------------------------
| rollout/                |              |
|    ep_len_mean          | 89.8         |
|    ep_rew_mean          | 459          |
| time/                   |              |
|    fps                  | 461          |
|    iterations           | 361          |
|    time_elapsed         | 4802         |
|    total_timesteps      | 2217984      |
| train/                  |              |
|    approx_kl            | 0.0071579404 |
|    clip_fraction        | 0.0249       |
|    clip_range           | 0.2          |
|    entropy_loss         | -23.3        |
|    explained_variance   | 0.939        |
|    learning_rate        | 0.0003       |
|    loss                 | 246          |
|    n_updates            | 3600         |
|    policy_gradient_loss | -0.0109      |
|    std                  | 0.953        |
|    value_loss           | 514          |
------------------------------------------
-----------------------------------------
| rollout/                |             |
|    ep_len_mean          | 91.7        |
|    ep_rew_mean          | 464         |
| time/                   |             |
|    fps                  | 462         |
|    iterations           | 362         |
|    time_elapsed         | 4813        |
|    total_timesteps      | 2224128     |
| train/                  |             |
|    approx_kl            | 0.007582391 |
|    clip_fraction        | 0.0247      |
|    clip_range           | 0.2         |
|    entropy_loss         | -23.3       |
|    explained_variance   | 0.942       |
|    learning_rate        | 0.0003      |
|    loss                 | 229         |
|    n_updates            | 3610        |
|    policy_gradient_loss | -0.0128     |
|    std                  | 0.953       |
|    value_loss           | 479         |
-----------------------------------------
-----------------------------------------
| rollout/                |             |
|    ep_len_mean          | 95.7        |
|    ep_rew_mean          | 485         |
| time/                   |             |
|    fps                  | 462         |
|    iterations           | 363         |
|    time_elapsed         | 4824        |
|    total_timesteps      | 2230272     |
| train/                  |             |
|    approx_kl            | 0.008968708 |
|    clip_fraction        | 0.0318      |
|    clip_range           | 0.2         |
|    entropy_loss         | -23.3       |
|    explained_variance   | 0.943       |
|    learning_rate        | 0.0003      |
|    loss                 | 229         |
|    n_updates            | 3620        |
|    policy_gradient_loss | -0.0137     |
|    std                  | 0.952       |
|    value_loss           | 482         |
-----------------------------------------
------------------------------------------
| rollout/                |              |
|    ep_len_mean          | 93.8         |
|    ep_rew_mean          | 478          |
| time/                   |              |
|    fps                  | 462          |
|    iterations           | 364          |
|    time_elapsed         | 4836         |
|    total_timesteps      | 2236416      |
| train/                  |              |
|    approx_kl            | 0.0056028906 |
|    clip_fraction        | 0.015        |
|    clip_range           | 0.2          |
|    entropy_loss         | -23.3        |
|    explained_variance   | 0.939        |
|    learning_rate        | 0.0003       |
|    loss                 | 269          |
|    n_updates            | 3630         |
|    policy_gradient_loss | -0.0092      |
|    std                  | 0.952        |
|    value_loss           | 562          |
------------------------------------------
----------------------------------------
| rollout/                |            |
|    ep_len_mean          | 90.7       |
|    ep_rew_mean          | 459        |
| time/                   |            |
|    fps                  | 462        |
|    iterations           | 365        |
|    time_elapsed         | 4849       |
|    total_timesteps      | 2242560    |
| train/                  |            |
|    approx_kl            | 0.00881649 |
|    clip_fraction        | 0.0331     |
|    clip_range           | 0.2        |
|    entropy_loss         | -23.3      |
|    explained_variance   | 0.944      |
|    learning_rate        | 0.0003     |
|    loss                 | 227        |
|    n_updates            | 3640       |
|    policy_gradient_loss | -0.0142    |
|    std                  | 0.952      |
|    value_loss           | 477        |
----------------------------------------
------------------------------------------
| rollout/                |              |
|    ep_len_mean          | 90.5         |
|    ep_rew_mean          | 463          |
| time/                   |              |
|    fps                  | 462          |
|    iterations           | 366          |
|    time_elapsed         | 4860         |
|    total_timesteps      | 2248704      |
| train/                  |              |
|    approx_kl            | 0.0074136765 |
|    clip_fraction        | 0.0231       |
|    clip_range           | 0.2          |
|    entropy_loss         | -23.3        |
|    explained_variance   | 0.942        |
|    learning_rate        | 0.0003       |
|    loss                 | 226          |
|    n_updates            | 3650         |
|    policy_gradient_loss | -0.0112      |
|    std                  | 0.951        |
|    value_loss           | 470          |
------------------------------------------
------------------------------------------
| rollout/                |              |
|    ep_len_mean          | 92.4         |
|    ep_rew_mean          | 475          |
| time/                   |              |
|    fps                  | 462          |
|    iterations           | 367          |
|    time_elapsed         | 4872         |
|    total_timesteps      | 2254848      |
| train/                  |              |
|    approx_kl            | 0.0066518723 |
|    clip_fraction        | 0.0206       |
|    clip_range           | 0.2          |
|    entropy_loss         | -23.3        |
|    explained_variance   | 0.947        |
|    learning_rate        | 0.0003       |
|    loss                 | 224          |
|    n_updates            | 3660         |
|    policy_gradient_loss | -0.0114      |
|    std                  | 0.951        |
|    value_loss           | 466          |
------------------------------------------
-----------------------------------------
| rollout/                |             |
|    ep_len_mean          | 91.5        |
|    ep_rew_mean          | 466         |
| time/                   |             |
|    fps                  | 462         |
|    iterations           | 368         |
|    time_elapsed         | 4883        |
|    total_timesteps      | 2260992     |
| train/                  |             |
|    approx_kl            | 0.005229443 |
|    clip_fraction        | 0.0123      |
|    clip_range           | 0.2         |
|    entropy_loss         | -23.3       |
|    explained_variance   | 0.942       |
|    learning_rate        | 0.0003      |
|    loss                 | 241         |
|    n_updates            | 3670        |
|    policy_gradient_loss | -0.00821    |
|    std                  | 0.951       |
|    value_loss           | 504         |
-----------------------------------------
-----------------------------------------
| rollout/                |             |
|    ep_len_mean          | 94          |
|    ep_rew_mean          | 477         |
| time/                   |             |
|    fps                  | 463         |
|    iterations           | 369         |
|    time_elapsed         | 4895        |
|    total_timesteps      | 2267136     |
| train/                  |             |
|    approx_kl            | 0.009278492 |
|    clip_fraction        | 0.0346      |
|    clip_range           | 0.2         |
|    entropy_loss         | -23.2       |
|    explained_variance   | 0.944       |
|    learning_rate        | 0.0003      |
|    loss                 | 227         |
|    n_updates            | 3680        |
|    policy_gradient_loss | -0.0127     |
|    std                  | 0.951       |
|    value_loss           | 475         |
-----------------------------------------
------------------------------------------
| rollout/                |              |
|    ep_len_mean          | 92.4         |
|    ep_rew_mean          | 469          |
| time/                   |              |
|    fps                  | 463          |
|    iterations           | 370          |
|    time_elapsed         | 4909         |
|    total_timesteps      | 2273280      |
| train/                  |              |
|    approx_kl            | 0.0073877033 |
|    clip_fraction        | 0.0258       |
|    clip_range           | 0.2          |
|    entropy_loss         | -23.2        |
|    explained_variance   | 0.944        |
|    learning_rate        | 0.0003       |
|    loss                 | 240          |
|    n_updates            | 3690         |
|    policy_gradient_loss | -0.0115      |
|    std                  | 0.95         |
|    value_loss           | 501          |
------------------------------------------
----------------------------------------
| rollout/                |            |
|    ep_len_mean          | 94.6       |
|    ep_rew_mean          | 488        |
| time/                   |            |
|    fps                  | 463        |
|    iterations           | 371        |
|    time_elapsed         | 4923       |
|    total_timesteps      | 2279424    |
| train/                  |            |
|    approx_kl            | 0.00904383 |
|    clip_fraction        | 0.0302     |
|    clip_range           | 0.2        |
|    entropy_loss         | -23.2      |
|    explained_variance   | 0.948      |
|    learning_rate        | 0.0003     |
|    loss                 | 205        |
|    n_updates            | 3700       |
|    policy_gradient_loss | -0.0138    |
|    std                  | 0.95       |
|    value_loss           | 433        |
----------------------------------------
------------------------------------------
| rollout/                |              |
|    ep_len_mean          | 95.5         |
|    ep_rew_mean          | 493          |
| time/                   |              |
|    fps                  | 462          |
|    iterations           | 372          |
|    time_elapsed         | 4939         |
|    total_timesteps      | 2285568      |
| train/                  |              |
|    approx_kl            | 0.0057129003 |
|    clip_fraction        | 0.017        |
|    clip_range           | 0.2          |
|    entropy_loss         | -23.2        |
|    explained_variance   | 0.94         |
|    learning_rate        | 0.0003       |
|    loss                 | 268          |
|    n_updates            | 3710         |
|    policy_gradient_loss | -0.00669     |
|    std                  | 0.95         |
|    value_loss           | 558          |
------------------------------------------
-----------------------------------------
| rollout/                |             |
|    ep_len_mean          | 90.7        |
|    ep_rew_mean          | 466         |
| time/                   |             |
|    fps                  | 462         |
|    iterations           | 373         |
|    time_elapsed         | 4955        |
|    total_timesteps      | 2291712     |
| train/                  |             |
|    approx_kl            | 0.008016302 |
|    clip_fraction        | 0.025       |
|    clip_range           | 0.2         |
|    entropy_loss         | -23.2       |
|    explained_variance   | 0.941       |
|    learning_rate        | 0.0003      |
|    loss                 | 259         |
|    n_updates            | 3720        |
|    policy_gradient_loss | -0.0132     |
|    std                  | 0.95        |
|    value_loss           | 541         |
-----------------------------------------
-----------------------------------------
| rollout/                |             |
|    ep_len_mean          | 93.5        |
|    ep_rew_mean          | 479         |
| time/                   |             |
|    fps                  | 462         |
|    iterations           | 374         |
|    time_elapsed         | 4972        |
|    total_timesteps      | 2297856     |
| train/                  |             |
|    approx_kl            | 0.009960148 |
|    clip_fraction        | 0.0388      |
|    clip_range           | 0.2         |
|    entropy_loss         | -23.2       |
|    explained_variance   | 0.947       |
|    learning_rate        | 0.0003      |
|    loss                 | 220         |
|    n_updates            | 3730        |
|    policy_gradient_loss | -0.0151     |
|    std                  | 0.949       |
|    value_loss           | 461         |
-----------------------------------------
------------------------------------------
| rollout/                |              |
|    ep_len_mean          | 93.1         |
|    ep_rew_mean          | 475          |
| time/                   |              |
|    fps                  | 461          |
|    iterations           | 375          |
|    time_elapsed         | 4988         |
|    total_timesteps      | 2304000      |
| train/                  |              |
|    approx_kl            | 0.0076592634 |
|    clip_fraction        | 0.0249       |
|    clip_range           | 0.2          |
|    entropy_loss         | -23.2        |
|    explained_variance   | 0.944        |
|    learning_rate        | 0.0003       |
|    loss                 | 234          |
|    n_updates            | 3740         |
|    policy_gradient_loss | -0.0117      |
|    std                  | 0.949        |
|    value_loss           | 488          |
------------------------------------------
-----------------------------------------
| rollout/                |             |
|    ep_len_mean          | 93          |
|    ep_rew_mean          | 473         |
| time/                   |             |
|    fps                  | 461         |
|    iterations           | 376         |
|    time_elapsed         | 5002        |
|    total_timesteps      | 2310144     |
| train/                  |             |
|    approx_kl            | 0.007162504 |
|    clip_fraction        | 0.0218      |
|    clip_range           | 0.2         |
|    entropy_loss         | -23.2       |
|    explained_variance   | 0.945       |
|    learning_rate        | 0.0003      |
|    loss                 | 224         |
|    n_updates            | 3750        |
|    policy_gradient_loss | -0.0102     |
|    std                  | 0.949       |
|    value_loss           | 472         |
-----------------------------------------
------------------------------------------
| rollout/                |              |
|    ep_len_mean          | 92.9         |
|    ep_rew_mean          | 471          |
| time/                   |              |
|    fps                  | 461          |
|    iterations           | 377          |
|    time_elapsed         | 5017         |
|    total_timesteps      | 2316288      |
| train/                  |              |
|    approx_kl            | 0.0057663494 |
|    clip_fraction        | 0.0146       |
|    clip_range           | 0.2          |
|    entropy_loss         | -23.2        |
|    explained_variance   | 0.939        |
|    learning_rate        | 0.0003       |
|    loss                 | 246          |
|    n_updates            | 3760         |
|    policy_gradient_loss | -0.00924     |
|    std                  | 0.949        |
|    value_loss           | 513          |
------------------------------------------
-----------------------------------------
| rollout/                |             |
|    ep_len_mean          | 96.9        |
|    ep_rew_mean          | 499         |
| time/                   |             |
|    fps                  | 461         |
|    iterations           | 378         |
|    time_elapsed         | 5031        |
|    total_timesteps      | 2322432     |
| train/                  |             |
|    approx_kl            | 0.007162586 |
|    clip_fraction        | 0.0214      |
|    clip_range           | 0.2         |
|    entropy_loss         | -23.2       |
|    explained_variance   | 0.941       |
|    learning_rate        | 0.0003      |
|    loss                 | 241         |
|    n_updates            | 3770        |
|    policy_gradient_loss | -0.0121     |
|    std                  | 0.948       |
|    value_loss           | 508         |
-----------------------------------------
------------------------------------------
| rollout/                |              |
|    ep_len_mean          | 98.8         |
|    ep_rew_mean          | 497          |
| time/                   |              |
|    fps                  | 461          |
|    iterations           | 379          |
|    time_elapsed         | 5046         |
|    total_timesteps      | 2328576      |
| train/                  |              |
|    approx_kl            | 0.0055485945 |
|    clip_fraction        | 0.0164       |
|    clip_range           | 0.2          |
|    entropy_loss         | -23.2        |
|    explained_variance   | 0.939        |
|    learning_rate        | 0.0003       |
|    loss                 | 268          |
|    n_updates            | 3780         |
|    policy_gradient_loss | -0.00762     |
|    std                  | 0.948        |
|    value_loss           | 560          |
------------------------------------------
------------------------------------------
| rollout/                |              |
|    ep_len_mean          | 98.3         |
|    ep_rew_mean          | 494          |
| time/                   |              |
|    fps                  | 461          |
|    iterations           | 380          |
|    time_elapsed         | 5060         |
|    total_timesteps      | 2334720      |
| train/                  |              |
|    approx_kl            | 0.0073704715 |
|    clip_fraction        | 0.0231       |
|    clip_range           | 0.2          |
|    entropy_loss         | -23.2        |
|    explained_variance   | 0.937        |
|    learning_rate        | 0.0003       |
|    loss                 | 260          |
|    n_updates            | 3790         |
|    policy_gradient_loss | -0.0124      |
|    std                  | 0.948        |
|    value_loss           | 549          |
------------------------------------------
----------------------------------------
| rollout/                |            |
|    ep_len_mean          | 94.5       |
|    ep_rew_mean          | 482        |
| time/                   |            |
|    fps                  | 461        |
|    iterations           | 381        |
|    time_elapsed         | 5075       |
|    total_timesteps      | 2340864    |
| train/                  |            |
|    approx_kl            | 0.00854605 |
|    clip_fraction        | 0.0308     |
|    clip_range           | 0.2        |
|    entropy_loss         | -23.2      |
|    explained_variance   | 0.939      |
|    learning_rate        | 0.0003     |
|    loss                 | 256        |
|    n_updates            | 3800       |
|    policy_gradient_loss | -0.0124    |
|    std                  | 0.948      |
|    value_loss           | 535        |
----------------------------------------
-----------------------------------------
| rollout/                |             |
|    ep_len_mean          | 94.4        |
|    ep_rew_mean          | 479         |
| time/                   |             |
|    fps                  | 460         |
|    iterations           | 382         |
|    time_elapsed         | 5092        |
|    total_timesteps      | 2347008     |
| train/                  |             |
|    approx_kl            | 0.008746412 |
|    clip_fraction        | 0.031       |
|    clip_range           | 0.2         |
|    entropy_loss         | -23.2       |
|    explained_variance   | 0.944       |
|    learning_rate        | 0.0003      |
|    loss                 | 232         |
|    n_updates            | 3810        |
|    policy_gradient_loss | -0.0123     |
|    std                  | 0.947       |
|    value_loss           | 486         |
-----------------------------------------
------------------------------------------
| rollout/                |              |
|    ep_len_mean          | 94.5         |
|    ep_rew_mean          | 483          |
| time/                   |              |
|    fps                  | 460          |
|    iterations           | 383          |
|    time_elapsed         | 5106         |
|    total_timesteps      | 2353152      |
| train/                  |              |
|    approx_kl            | 0.0067042583 |
|    clip_fraction        | 0.0218       |
|    clip_range           | 0.2          |
|    entropy_loss         | -23.2        |
|    explained_variance   | 0.942        |
|    learning_rate        | 0.0003       |
|    loss                 | 232          |
|    n_updates            | 3820         |
|    policy_gradient_loss | -0.00972     |
|    std                  | 0.947        |
|    value_loss           | 492          |
------------------------------------------
-----------------------------------------
| rollout/                |             |
|    ep_len_mean          | 94.9        |
|    ep_rew_mean          | 483         |
| time/                   |             |
|    fps                  | 460         |
|    iterations           | 384         |
|    time_elapsed         | 5119        |
|    total_timesteps      | 2359296     |
| train/                  |             |
|    approx_kl            | 0.007898888 |
|    clip_fraction        | 0.0246      |
|    clip_range           | 0.2         |
|    entropy_loss         | -23.2       |
|    explained_variance   | 0.947       |
|    learning_rate        | 0.0003      |
|    loss                 | 222         |
|    n_updates            | 3830        |
|    policy_gradient_loss | -0.0136     |
|    std                  | 0.947       |
|    value_loss           | 466         |
-----------------------------------------
------------------------------------------
| rollout/                |              |
|    ep_len_mean          | 97.9         |
|    ep_rew_mean          | 494          |
| time/                   |              |
|    fps                  | 460          |
|    iterations           | 385          |
|    time_elapsed         | 5135         |
|    total_timesteps      | 2365440      |
| train/                  |              |
|    approx_kl            | 0.0067170486 |
|    clip_fraction        | 0.023        |
|    clip_range           | 0.2          |
|    entropy_loss         | -23.2        |
|    explained_variance   | 0.941        |
|    learning_rate        | 0.0003       |
|    loss                 | 254          |
|    n_updates            | 3840         |
|    policy_gradient_loss | -0.0106      |
|    std                  | 0.947        |
|    value_loss           | 533          |
------------------------------------------
-----------------------------------------
| rollout/                |             |
|    ep_len_mean          | 97.8        |
|    ep_rew_mean          | 493         |
| time/                   |             |
|    fps                  | 460         |
|    iterations           | 386         |
|    time_elapsed         | 5153        |
|    total_timesteps      | 2371584     |
| train/                  |             |
|    approx_kl            | 0.010223077 |
|    clip_fraction        | 0.0418      |
|    clip_range           | 0.2         |
|    entropy_loss         | -23.2       |
|    explained_variance   | 0.944       |
|    learning_rate        | 0.0003      |
|    loss                 | 240         |
|    n_updates            | 3850        |
|    policy_gradient_loss | -0.015      |
|    std                  | 0.947       |
|    value_loss           | 503         |
-----------------------------------------
-----------------------------------------
| rollout/                |             |
|    ep_len_mean          | 95.9        |
|    ep_rew_mean          | 485         |
| time/                   |             |
|    fps                  | 459         |
|    iterations           | 387         |
|    time_elapsed         | 5170        |
|    total_timesteps      | 2377728     |
| train/                  |             |
|    approx_kl            | 0.007040894 |
|    clip_fraction        | 0.0245      |
|    clip_range           | 0.2         |
|    entropy_loss         | -23.2       |
|    explained_variance   | 0.943       |
|    learning_rate        | 0.0003      |
|    loss                 | 236         |
|    n_updates            | 3860        |
|    policy_gradient_loss | -0.0128     |
|    std                  | 0.946       |
|    value_loss           | 493         |
-----------------------------------------
-----------------------------------------
| rollout/                |             |
|    ep_len_mean          | 95.1        |
|    ep_rew_mean          | 483         |
| time/                   |             |
|    fps                  | 459         |
|    iterations           | 388         |
|    time_elapsed         | 5187        |
|    total_timesteps      | 2383872     |
| train/                  |             |
|    approx_kl            | 0.009953682 |
|    clip_fraction        | 0.0417      |
|    clip_range           | 0.2         |
|    entropy_loss         | -23.2       |
|    explained_variance   | 0.943       |
|    learning_rate        | 0.0003      |
|    loss                 | 233         |
|    n_updates            | 3870        |
|    policy_gradient_loss | -0.0147     |
|    std                  | 0.946       |
|    value_loss           | 495         |
-----------------------------------------
-----------------------------------------
| rollout/                |             |
|    ep_len_mean          | 94.2        |
|    ep_rew_mean          | 482         |
| time/                   |             |
|    fps                  | 459         |
|    iterations           | 389         |
|    time_elapsed         | 5202        |
|    total_timesteps      | 2390016     |
| train/                  |             |
|    approx_kl            | 0.006932527 |
|    clip_fraction        | 0.0262      |
|    clip_range           | 0.2         |
|    entropy_loss         | -23.2       |
|    explained_variance   | 0.943       |
|    learning_rate        | 0.0003      |
|    loss                 | 238         |
|    n_updates            | 3880        |
|    policy_gradient_loss | -0.00934    |
|    std                  | 0.946       |
|    value_loss           | 497         |
-----------------------------------------
-----------------------------------------
| rollout/                |             |
|    ep_len_mean          | 92.6        |
|    ep_rew_mean          | 467         |
| time/                   |             |
|    fps                  | 459         |
|    iterations           | 390         |
|    time_elapsed         | 5220        |
|    total_timesteps      | 2396160     |
| train/                  |             |
|    approx_kl            | 0.009569141 |
|    clip_fraction        | 0.0328      |
|    clip_range           | 0.2         |
|    entropy_loss         | -23.2       |
|    explained_variance   | 0.946       |
|    learning_rate        | 0.0003      |
|    loss                 | 218         |
|    n_updates            | 3890        |
|    policy_gradient_loss | -0.0147     |
|    std                  | 0.946       |
|    value_loss           | 462         |
-----------------------------------------
-----------------------------------------
| rollout/                |             |
|    ep_len_mean          | 95.9        |
|    ep_rew_mean          | 485         |
| time/                   |             |
|    fps                  | 459         |
|    iterations           | 391         |
|    time_elapsed         | 5232        |
|    total_timesteps      | 2402304     |
| train/                  |             |
|    approx_kl            | 0.011799016 |
|    clip_fraction        | 0.0531      |
|    clip_range           | 0.2         |
|    entropy_loss         | -23.2       |
|    explained_variance   | 0.949       |
|    learning_rate        | 0.0003      |
|    loss                 | 194         |
|    n_updates            | 3900        |
|    policy_gradient_loss | -0.0169     |
|    std                  | 0.946       |
|    value_loss           | 413         |
-----------------------------------------
-----------------------------------------
| rollout/                |             |
|    ep_len_mean          | 95.3        |
|    ep_rew_mean          | 489         |
| time/                   |             |
|    fps                  | 458         |
|    iterations           | 392         |
|    time_elapsed         | 5247        |
|    total_timesteps      | 2408448     |
| train/                  |             |
|    approx_kl            | 0.006535957 |
|    clip_fraction        | 0.0227      |
|    clip_range           | 0.2         |
|    entropy_loss         | -23.2       |
|    explained_variance   | 0.945       |
|    learning_rate        | 0.0003      |
|    loss                 | 235         |
|    n_updates            | 3910        |
|    policy_gradient_loss | -0.00724    |
|    std                  | 0.946       |
|    value_loss           | 492         |
-----------------------------------------
-----------------------------------------
| rollout/                |             |
|    ep_len_mean          | 93.2        |
|    ep_rew_mean          | 481         |
| time/                   |             |
|    fps                  | 458         |
|    iterations           | 393         |
|    time_elapsed         | 5261        |
|    total_timesteps      | 2414592     |
| train/                  |             |
|    approx_kl            | 0.007977039 |
|    clip_fraction        | 0.0281      |
|    clip_range           | 0.2         |
|    entropy_loss         | -23.1       |
|    explained_variance   | 0.943       |
|    learning_rate        | 0.0003      |
|    loss                 | 232         |
|    n_updates            | 3920        |
|    policy_gradient_loss | -0.0125     |
|    std                  | 0.945       |
|    value_loss           | 488         |
-----------------------------------------
------------------------------------------
| rollout/                |              |
|    ep_len_mean          | 96.1         |
|    ep_rew_mean          | 499          |
| time/                   |              |
|    fps                  | 458          |
|    iterations           | 394          |
|    time_elapsed         | 5275         |
|    total_timesteps      | 2420736      |
| train/                  |              |
|    approx_kl            | 0.0077299695 |
|    clip_fraction        | 0.026        |
|    clip_range           | 0.2          |
|    entropy_loss         | -23.1        |
|    explained_variance   | 0.948        |
|    learning_rate        | 0.0003       |
|    loss                 | 216          |
|    n_updates            | 3930         |
|    policy_gradient_loss | -0.0118      |
|    std                  | 0.945        |
|    value_loss           | 452          |
------------------------------------------
-----------------------------------------
| rollout/                |             |
|    ep_len_mean          | 95.6        |
|    ep_rew_mean          | 491         |
| time/                   |             |
|    fps                  | 458         |
|    iterations           | 395         |
|    time_elapsed         | 5288        |
|    total_timesteps      | 2426880     |
| train/                  |             |
|    approx_kl            | 0.009218437 |
|    clip_fraction        | 0.0368      |
|    clip_range           | 0.2         |
|    entropy_loss         | -23.1       |
|    explained_variance   | 0.945       |
|    learning_rate        | 0.0003      |
|    loss                 | 249         |
|    n_updates            | 3940        |
|    policy_gradient_loss | -0.0118     |
|    std                  | 0.945       |
|    value_loss           | 522         |
-----------------------------------------
-----------------------------------------
| rollout/                |             |
|    ep_len_mean          | 98.2        |
|    ep_rew_mean          | 497         |
| time/                   |             |
|    fps                  | 458         |
|    iterations           | 396         |
|    time_elapsed         | 5301        |
|    total_timesteps      | 2433024     |
| train/                  |             |
|    approx_kl            | 0.006522211 |
|    clip_fraction        | 0.0188      |
|    clip_range           | 0.2         |
|    entropy_loss         | -23.1       |
|    explained_variance   | 0.947       |
|    learning_rate        | 0.0003      |
|    loss                 | 222         |
|    n_updates            | 3950        |
|    policy_gradient_loss | -0.0101     |
|    std                  | 0.945       |
|    value_loss           | 465         |
-----------------------------------------
------------------------------------------
| rollout/                |              |
|    ep_len_mean          | 95.9         |
|    ep_rew_mean          | 487          |
| time/                   |              |
|    fps                  | 458          |
|    iterations           | 397          |
|    time_elapsed         | 5315         |
|    total_timesteps      | 2439168      |
| train/                  |              |
|    approx_kl            | 0.0050474755 |
|    clip_fraction        | 0.0126       |
|    clip_range           | 0.2          |
|    entropy_loss         | -23.1        |
|    explained_variance   | 0.948        |
|    learning_rate        | 0.0003       |
|    loss                 | 219          |
|    n_updates            | 3960         |
|    policy_gradient_loss | -0.00863     |
|    std                  | 0.945        |
|    value_loss           | 461          |
------------------------------------------
-----------------------------------------
| rollout/                |             |
|    ep_len_mean          | 95.1        |
|    ep_rew_mean          | 483         |
| time/                   |             |
|    fps                  | 458         |
|    iterations           | 398         |
|    time_elapsed         | 5332        |
|    total_timesteps      | 2445312     |
| train/                  |             |
|    approx_kl            | 0.009016774 |
|    clip_fraction        | 0.0317      |
|    clip_range           | 0.2         |
|    entropy_loss         | -23.1       |
|    explained_variance   | 0.947       |
|    learning_rate        | 0.0003      |
|    loss                 | 223         |
|    n_updates            | 3970        |
|    policy_gradient_loss | -0.0135     |
|    std                  | 0.945       |
|    value_loss           | 467         |
-----------------------------------------
-----------------------------------------
| rollout/                |             |
|    ep_len_mean          | 99.5        |
|    ep_rew_mean          | 508         |
| time/                   |             |
|    fps                  | 458         |
|    iterations           | 399         |
|    time_elapsed         | 5346        |
|    total_timesteps      | 2451456     |
| train/                  |             |
|    approx_kl            | 0.008471315 |
|    clip_fraction        | 0.0289      |
|    clip_range           | 0.2         |
|    entropy_loss         | -23.1       |
|    explained_variance   | 0.948       |
|    learning_rate        | 0.0003      |
|    loss                 | 216         |
|    n_updates            | 3980        |
|    policy_gradient_loss | -0.0129     |
|    std                  | 0.945       |
|    value_loss           | 455         |
-----------------------------------------
-----------------------------------------
| rollout/                |             |
|    ep_len_mean          | 99.3        |
|    ep_rew_mean          | 506         |
| time/                   |             |
|    fps                  | 458         |
|    iterations           | 400         |
|    time_elapsed         | 5360        |
|    total_timesteps      | 2457600     |
| train/                  |             |
|    approx_kl            | 0.009891613 |
|    clip_fraction        | 0.0406      |
|    clip_range           | 0.2         |
|    entropy_loss         | -23.1       |
|    explained_variance   | 0.942       |
|    learning_rate        | 0.0003      |
|    loss                 | 267         |
|    n_updates            | 3990        |
|    policy_gradient_loss | -0.0149     |
|    std                  | 0.945       |
|    value_loss           | 562         |
-----------------------------------------
------------------------------------------
| rollout/                |              |
|    ep_len_mean          | 97.4         |
|    ep_rew_mean          | 497          |
| time/                   |              |
|    fps                  | 458          |
|    iterations           | 401          |
|    time_elapsed         | 5374         |
|    total_timesteps      | 2463744      |
| train/                  |              |
|    approx_kl            | 0.0075687915 |
|    clip_fraction        | 0.0274       |
|    clip_range           | 0.2          |
|    entropy_loss         | -23.1        |
|    explained_variance   | 0.94         |
|    learning_rate        | 0.0003       |
|    loss                 | 252          |
|    n_updates            | 4000         |
|    policy_gradient_loss | -0.00896     |
|    std                  | 0.944        |
|    value_loss           | 527          |
------------------------------------------
----------------------------------------
| rollout/                |            |
|    ep_len_mean          | 96.7       |
|    ep_rew_mean          | 491        |
| time/                   |            |
|    fps                  | 458        |
|    iterations           | 402        |
|    time_elapsed         | 5388       |
|    total_timesteps      | 2469888    |
| train/                  |            |
|    approx_kl            | 0.00790798 |
|    clip_fraction        | 0.0247     |
|    clip_range           | 0.2        |
|    entropy_loss         | -23.1      |
|    explained_variance   | 0.946      |
|    learning_rate        | 0.0003     |
|    loss                 | 219        |
|    n_updates            | 4010       |
|    policy_gradient_loss | -0.0123    |
|    std                  | 0.944      |
|    value_loss           | 464        |
----------------------------------------
------------------------------------------
| rollout/                |              |
|    ep_len_mean          | 94.2         |
|    ep_rew_mean          | 476          |
| time/                   |              |
|    fps                  | 458          |
|    iterations           | 403          |
|    time_elapsed         | 5402         |
|    total_timesteps      | 2476032      |
| train/                  |              |
|    approx_kl            | 0.0068910564 |
|    clip_fraction        | 0.0216       |
|    clip_range           | 0.2          |
|    entropy_loss         | -23.1        |
|    explained_variance   | 0.943        |
|    learning_rate        | 0.0003       |
|    loss                 | 226          |
|    n_updates            | 4020         |
|    policy_gradient_loss | -0.00956     |
|    std                  | 0.944        |
|    value_loss           | 484          |
------------------------------------------
-----------------------------------------
| rollout/                |             |
|    ep_len_mean          | 92.4        |
|    ep_rew_mean          | 470         |
| time/                   |             |
|    fps                  | 458         |
|    iterations           | 404         |
|    time_elapsed         | 5417        |
|    total_timesteps      | 2482176     |
| train/                  |             |
|    approx_kl            | 0.008812789 |
|    clip_fraction        | 0.0349      |
|    clip_range           | 0.2         |
|    entropy_loss         | -23.1       |
|    explained_variance   | 0.949       |
|    learning_rate        | 0.0003      |
|    loss                 | 197         |
|    n_updates            | 4030        |
|    policy_gradient_loss | -0.0141     |
|    std                  | 0.944       |
|    value_loss           | 420         |
-----------------------------------------
------------------------------------------
| rollout/                |              |
|    ep_len_mean          | 95.1         |
|    ep_rew_mean          | 487          |
| time/                   |              |
|    fps                  | 458          |
|    iterations           | 405          |
|    time_elapsed         | 5430         |
|    total_timesteps      | 2488320      |
| train/                  |              |
|    approx_kl            | 0.0072137597 |
|    clip_fraction        | 0.0217       |
|    clip_range           | 0.2          |
|    entropy_loss         | -23.1        |
|    explained_variance   | 0.953        |
|    learning_rate        | 0.0003       |
|    loss                 | 189          |
|    n_updates            | 4040         |
|    policy_gradient_loss | -0.01        |
|    std                  | 0.944        |
|    value_loss           | 400          |
------------------------------------------
------------------------------------------
| rollout/                |              |
|    ep_len_mean          | 96.2         |
|    ep_rew_mean          | 494          |
| time/                   |              |
|    fps                  | 458          |
|    iterations           | 406          |
|    time_elapsed         | 5442         |
|    total_timesteps      | 2494464      |
| train/                  |              |
|    approx_kl            | 0.0058334717 |
|    clip_fraction        | 0.0174       |
|    clip_range           | 0.2          |
|    entropy_loss         | -23.1        |
|    explained_variance   | 0.951        |
|    learning_rate        | 0.0003       |
|    loss                 | 214          |
|    n_updates            | 4050         |
|    policy_gradient_loss | -0.00814     |
|    std                  | 0.944        |
|    value_loss           | 448          |
------------------------------------------
------------------------------------------
| rollout/                |              |
|    ep_len_mean          | 93.9         |
|    ep_rew_mean          | 480          |
| time/                   |              |
|    fps                  | 457          |
|    iterations           | 407          |
|    time_elapsed         | 5464         |
|    total_timesteps      | 2500608      |
| train/                  |              |
|    approx_kl            | 0.0077830483 |
|    clip_fraction        | 0.0256       |
|    clip_range           | 0.2          |
|    entropy_loss         | -23.1        |
|    explained_variance   | 0.949        |
|    learning_rate        | 0.0003       |
|    loss                 | 210          |
|    n_updates            | 4060         |
|    policy_gradient_loss | -0.0119      |
|    std                  | 0.944        |
|    value_loss           | 445          |
------------------------------------------
-----------------------------------------
| rollout/                |             |
|    ep_len_mean          | 96.8        |
|    ep_rew_mean          | 492         |
| time/                   |             |
|    fps                  | 457         |
|    iterations           | 408         |
|    time_elapsed         | 5477        |
|    total_timesteps      | 2506752     |
| train/                  |             |
|    approx_kl            | 0.009377068 |
|    clip_fraction        | 0.0381      |
|    clip_range           | 0.2         |
|    entropy_loss         | -23.1       |
|    explained_variance   | 0.952       |
|    learning_rate        | 0.0003      |
|    loss                 | 198         |
|    n_updates            | 4070        |
|    policy_gradient_loss | -0.0127     |
|    std                  | 0.944       |
|    value_loss           | 419         |
-----------------------------------------
-----------------------------------------
| rollout/                |             |
|    ep_len_mean          | 96.3        |
|    ep_rew_mean          | 494         |
| time/                   |             |
|    fps                  | 457         |
|    iterations           | 409         |
|    time_elapsed         | 5491        |
|    total_timesteps      | 2512896     |
| train/                  |             |
|    approx_kl            | 0.007932507 |
|    clip_fraction        | 0.0252      |
|    clip_range           | 0.2         |
|    entropy_loss         | -23.1       |
|    explained_variance   | 0.945       |
|    learning_rate        | 0.0003      |
|    loss                 | 225         |
|    n_updates            | 4080        |
|    policy_gradient_loss | -0.0118     |
|    std                  | 0.944       |
|    value_loss           | 478         |
-----------------------------------------
------------------------------------------
| rollout/                |              |
|    ep_len_mean          | 93.6         |
|    ep_rew_mean          | 483          |
| time/                   |              |
|    fps                  | 457          |
|    iterations           | 410          |
|    time_elapsed         | 5506         |
|    total_timesteps      | 2519040      |
| train/                  |              |
|    approx_kl            | 0.0073302253 |
|    clip_fraction        | 0.0246       |
|    clip_range           | 0.2          |
|    entropy_loss         | -23.1        |
|    explained_variance   | 0.954        |
|    learning_rate        | 0.0003       |
|    loss                 | 195          |
|    n_updates            | 4090         |
|    policy_gradient_loss | -0.00961     |
|    std                  | 0.944        |
|    value_loss           | 412          |
------------------------------------------
---------------------------------------
| rollout/                |           |
|    ep_len_mean          | 96.8      |
|    ep_rew_mean          | 494       |
| time/                   |           |
|    fps                  | 457       |
|    iterations           | 411       |
|    time_elapsed         | 5518      |
|    total_timesteps      | 2525184   |
| train/                  |           |
|    approx_kl            | 0.0086577 |
|    clip_fraction        | 0.0328    |
|    clip_range           | 0.2       |
|    entropy_loss         | -23.1     |
|    explained_variance   | 0.952     |
|    learning_rate        | 0.0003    |
|    loss                 | 195       |
|    n_updates            | 4100      |
|    policy_gradient_loss | -0.0122   |
|    std                  | 0.944     |
|    value_loss           | 412       |
---------------------------------------
-----------------------------------------
| rollout/                |             |
|    ep_len_mean          | 98.1        |
|    ep_rew_mean          | 499         |
| time/                   |             |
|    fps                  | 457         |
|    iterations           | 412         |
|    time_elapsed         | 5530        |
|    total_timesteps      | 2531328     |
| train/                  |             |
|    approx_kl            | 0.007633748 |
|    clip_fraction        | 0.0241      |
|    clip_range           | 0.2         |
|    entropy_loss         | -23.1       |
|    explained_variance   | 0.949       |
|    learning_rate        | 0.0003      |
|    loss                 | 216         |
|    n_updates            | 4110        |
|    policy_gradient_loss | -0.0107     |
|    std                  | 0.943       |
|    value_loss           | 457         |
-----------------------------------------
-----------------------------------------
| rollout/                |             |
|    ep_len_mean          | 99.3        |
|    ep_rew_mean          | 506         |
| time/                   |             |
|    fps                  | 457         |
|    iterations           | 413         |
|    time_elapsed         | 5542        |
|    total_timesteps      | 2537472     |
| train/                  |             |
|    approx_kl            | 0.009065983 |
|    clip_fraction        | 0.0354      |
|    clip_range           | 0.2         |
|    entropy_loss         | -23.1       |
|    explained_variance   | 0.947       |
|    learning_rate        | 0.0003      |
|    loss                 | 228         |
|    n_updates            | 4120        |
|    policy_gradient_loss | -0.0112     |
|    std                  | 0.943       |
|    value_loss           | 484         |
-----------------------------------------
------------------------------------------
| rollout/                |              |
|    ep_len_mean          | 101          |
|    ep_rew_mean          | 507          |
| time/                   |              |
|    fps                  | 457          |
|    iterations           | 414          |
|    time_elapsed         | 5554         |
|    total_timesteps      | 2543616      |
| train/                  |              |
|    approx_kl            | 0.0049501476 |
|    clip_fraction        | 0.0125       |
|    clip_range           | 0.2          |
|    entropy_loss         | -23.1        |
|    explained_variance   | 0.947        |
|    learning_rate        | 0.0003       |
|    loss                 | 225          |
|    n_updates            | 4130         |
|    policy_gradient_loss | -0.00734     |
|    std                  | 0.943        |
|    value_loss           | 479          |
------------------------------------------
----------------------------------------
| rollout/                |            |
|    ep_len_mean          | 101        |
|    ep_rew_mean          | 509        |
| time/                   |            |
|    fps                  | 457        |
|    iterations           | 415        |
|    time_elapsed         | 5568       |
|    total_timesteps      | 2549760    |
| train/                  |            |
|    approx_kl            | 0.00793496 |
|    clip_fraction        | 0.0292     |
|    clip_range           | 0.2        |
|    entropy_loss         | -23.1      |
|    explained_variance   | 0.947      |
|    learning_rate        | 0.0003     |
|    loss                 | 229        |
|    n_updates            | 4140       |
|    policy_gradient_loss | -0.0121    |
|    std                  | 0.943      |
|    value_loss           | 485        |
----------------------------------------
------------------------------------------
| rollout/                |              |
|    ep_len_mean          | 99.5         |
|    ep_rew_mean          | 506          |
| time/                   |              |
|    fps                  | 457          |
|    iterations           | 416          |
|    time_elapsed         | 5582         |
|    total_timesteps      | 2555904      |
| train/                  |              |
|    approx_kl            | 0.0071018054 |
|    clip_fraction        | 0.0221       |
|    clip_range           | 0.2          |
|    entropy_loss         | -23.1        |
|    explained_variance   | 0.944        |
|    learning_rate        | 0.0003       |
|    loss                 | 227          |
|    n_updates            | 4150         |
|    policy_gradient_loss | -0.011       |
|    std                  | 0.942        |
|    value_loss           | 484          |
------------------------------------------
-----------------------------------------
| rollout/                |             |
|    ep_len_mean          | 98.8        |
|    ep_rew_mean          | 498         |
| time/                   |             |
|    fps                  | 457         |
|    iterations           | 417         |
|    time_elapsed         | 5594        |
|    total_timesteps      | 2562048     |
| train/                  |             |
|    approx_kl            | 0.008725185 |
|    clip_fraction        | 0.0311      |
|    clip_range           | 0.2         |
|    entropy_loss         | -23.1       |
|    explained_variance   | 0.951       |
|    learning_rate        | 0.0003      |
|    loss                 | 211         |
|    n_updates            | 4160        |
|    policy_gradient_loss | -0.013      |
|    std                  | 0.942       |
|    value_loss           | 448         |
-----------------------------------------
----------------------------------------
| rollout/                |            |
|    ep_len_mean          | 99         |
|    ep_rew_mean          | 498        |
| time/                   |            |
|    fps                  | 457        |
|    iterations           | 418        |
|    time_elapsed         | 5607       |
|    total_timesteps      | 2568192    |
| train/                  |            |
|    approx_kl            | 0.00752217 |
|    clip_fraction        | 0.0291     |
|    clip_range           | 0.2        |
|    entropy_loss         | -23.1      |
|    explained_variance   | 0.948      |
|    learning_rate        | 0.0003     |
|    loss                 | 206        |
|    n_updates            | 4170       |
|    policy_gradient_loss | -0.00955   |
|    std                  | 0.942      |
|    value_loss           | 438        |
----------------------------------------
-----------------------------------------
| rollout/                |             |
|    ep_len_mean          | 101         |
|    ep_rew_mean          | 506         |
| time/                   |             |
|    fps                  | 458         |
|    iterations           | 419         |
|    time_elapsed         | 5619        |
|    total_timesteps      | 2574336     |
| train/                  |             |
|    approx_kl            | 0.004872492 |
|    clip_fraction        | 0.0109      |
|    clip_range           | 0.2         |
|    entropy_loss         | -23.1       |
|    explained_variance   | 0.943       |
|    learning_rate        | 0.0003      |
|    loss                 | 242         |
|    n_updates            | 4180        |
|    policy_gradient_loss | -0.00921    |
|    std                  | 0.942       |
|    value_loss           | 514         |
-----------------------------------------
-----------------------------------------
| rollout/                |             |
|    ep_len_mean          | 96.8        |
|    ep_rew_mean          | 487         |
| time/                   |             |
|    fps                  | 458         |
|    iterations           | 420         |
|    time_elapsed         | 5631        |
|    total_timesteps      | 2580480     |
| train/                  |             |
|    approx_kl            | 0.006186461 |
|    clip_fraction        | 0.0174      |
|    clip_range           | 0.2         |
|    entropy_loss         | -23.1       |
|    explained_variance   | 0.947       |
|    learning_rate        | 0.0003      |
|    loss                 | 220         |
|    n_updates            | 4190        |
|    policy_gradient_loss | -0.00962    |
|    std                  | 0.942       |
|    value_loss           | 467         |
-----------------------------------------
-----------------------------------------
| rollout/                |             |
|    ep_len_mean          | 98.6        |
|    ep_rew_mean          | 505         |
| time/                   |             |
|    fps                  | 458         |
|    iterations           | 421         |
|    time_elapsed         | 5642        |
|    total_timesteps      | 2586624     |
| train/                  |             |
|    approx_kl            | 0.005733438 |
|    clip_fraction        | 0.0149      |
|    clip_range           | 0.2         |
|    entropy_loss         | -23.1       |
|    explained_variance   | 0.952       |
|    learning_rate        | 0.0003      |
|    loss                 | 193         |
|    n_updates            | 4200        |
|    policy_gradient_loss | -0.00992    |
|    std                  | 0.942       |
|    value_loss           | 405         |
-----------------------------------------
-----------------------------------------
| rollout/                |             |
|    ep_len_mean          | 99.7        |
|    ep_rew_mean          | 510         |
| time/                   |             |
|    fps                  | 458         |
|    iterations           | 422         |
|    time_elapsed         | 5654        |
|    total_timesteps      | 2592768     |
| train/                  |             |
|    approx_kl            | 0.006825808 |
|    clip_fraction        | 0.0203      |
|    clip_range           | 0.2         |
|    entropy_loss         | -23.1       |
|    explained_variance   | 0.949       |
|    learning_rate        | 0.0003      |
|    loss                 | 230         |
|    n_updates            | 4210        |
|    policy_gradient_loss | -0.0093     |
|    std                  | 0.941       |
|    value_loss           | 484         |
-----------------------------------------
------------------------------------------
| rollout/                |              |
|    ep_len_mean          | 96.9         |
|    ep_rew_mean          | 493          |
| time/                   |              |
|    fps                  | 458          |
|    iterations           | 423          |
|    time_elapsed         | 5666         |
|    total_timesteps      | 2598912      |
| train/                  |              |
|    approx_kl            | 0.0070462455 |
|    clip_fraction        | 0.0207       |
|    clip_range           | 0.2          |
|    entropy_loss         | -23.1        |
|    explained_variance   | 0.95         |
|    learning_rate        | 0.0003       |
|    loss                 | 204          |
|    n_updates            | 4220         |
|    policy_gradient_loss | -0.011       |
|    std                  | 0.942        |
|    value_loss           | 428          |
------------------------------------------
-----------------------------------------
| rollout/                |             |
|    ep_len_mean          | 100         |
|    ep_rew_mean          | 510         |
| time/                   |             |
|    fps                  | 458         |
|    iterations           | 424         |
|    time_elapsed         | 5678        |
|    total_timesteps      | 2605056     |
| train/                  |             |
|    approx_kl            | 0.008768554 |
|    clip_fraction        | 0.0328      |
|    clip_range           | 0.2         |
|    entropy_loss         | -23.1       |
|    explained_variance   | 0.952       |
|    learning_rate        | 0.0003      |
|    loss                 | 207         |
|    n_updates            | 4230        |
|    policy_gradient_loss | -0.0115     |
|    std                  | 0.942       |
|    value_loss           | 434         |
-----------------------------------------
------------------------------------------
| rollout/                |              |
|    ep_len_mean          | 99.3         |
|    ep_rew_mean          | 505          |
| time/                   |              |
|    fps                  | 458          |
|    iterations           | 425          |
|    time_elapsed         | 5693         |
|    total_timesteps      | 2611200      |
| train/                  |              |
|    approx_kl            | 0.0065143206 |
|    clip_fraction        | 0.019        |
|    clip_range           | 0.2          |
|    entropy_loss         | -23.1        |
|    explained_variance   | 0.947        |
|    learning_rate        | 0.0003       |
|    loss                 | 219          |
|    n_updates            | 4240         |
|    policy_gradient_loss | -0.00922     |
|    std                  | 0.941        |
|    value_loss           | 465          |
------------------------------------------
------------------------------------------
| rollout/                |              |
|    ep_len_mean          | 102          |
|    ep_rew_mean          | 519          |
| time/                   |              |
|    fps                  | 458          |
|    iterations           | 426          |
|    time_elapsed         | 5706         |
|    total_timesteps      | 2617344      |
| train/                  |              |
|    approx_kl            | 0.0074746185 |
|    clip_fraction        | 0.023        |
|    clip_range           | 0.2          |
|    entropy_loss         | -23.1        |
|    explained_variance   | 0.948        |
|    learning_rate        | 0.0003       |
|    loss                 | 220          |
|    n_updates            | 4250         |
|    policy_gradient_loss | -0.0106      |
|    std                  | 0.941        |
|    value_loss           | 464          |
------------------------------------------
-----------------------------------------
| rollout/                |             |
|    ep_len_mean          | 99.3        |
|    ep_rew_mean          | 507         |
| time/                   |             |
|    fps                  | 458         |
|    iterations           | 427         |
|    time_elapsed         | 5718        |
|    total_timesteps      | 2623488     |
| train/                  |             |
|    approx_kl            | 0.008738712 |
|    clip_fraction        | 0.0317      |
|    clip_range           | 0.2         |
|    entropy_loss         | -23.1       |
|    explained_variance   | 0.947       |
|    learning_rate        | 0.0003      |
|    loss                 | 231         |
|    n_updates            | 4260        |
|    policy_gradient_loss | -0.0105     |
|    std                  | 0.941       |
|    value_loss           | 489         |
-----------------------------------------
-----------------------------------------
| rollout/                |             |
|    ep_len_mean          | 99.2        |
|    ep_rew_mean          | 506         |
| time/                   |             |
|    fps                  | 458         |
|    iterations           | 428         |
|    time_elapsed         | 5732        |
|    total_timesteps      | 2629632     |
| train/                  |             |
|    approx_kl            | 0.009242226 |
|    clip_fraction        | 0.0351      |
|    clip_range           | 0.2         |
|    entropy_loss         | -23.1       |
|    explained_variance   | 0.95        |
|    learning_rate        | 0.0003      |
|    loss                 | 208         |
|    n_updates            | 4270        |
|    policy_gradient_loss | -0.0136     |
|    std                  | 0.941       |
|    value_loss           | 444         |
-----------------------------------------
-----------------------------------------
| rollout/                |             |
|    ep_len_mean          | 98.8        |
|    ep_rew_mean          | 506         |
| time/                   |             |
|    fps                  | 458         |
|    iterations           | 429         |
|    time_elapsed         | 5746        |
|    total_timesteps      | 2635776     |
| train/                  |             |
|    approx_kl            | 0.005064855 |
|    clip_fraction        | 0.0137      |
|    clip_range           | 0.2         |
|    entropy_loss         | -23.1       |
|    explained_variance   | 0.951       |
|    learning_rate        | 0.0003      |
|    loss                 | 209         |
|    n_updates            | 4280        |
|    policy_gradient_loss | -0.00721    |
|    std                  | 0.941       |
|    value_loss           | 441         |
-----------------------------------------
----------------------------------------
| rollout/                |            |
|    ep_len_mean          | 101        |
|    ep_rew_mean          | 516        |
| time/                   |            |
|    fps                  | 458        |
|    iterations           | 430        |
|    time_elapsed         | 5760       |
|    total_timesteps      | 2641920    |
| train/                  |            |
|    approx_kl            | 0.00760372 |
|    clip_fraction        | 0.0253     |
|    clip_range           | 0.2        |
|    entropy_loss         | -23.1      |
|    explained_variance   | 0.948      |
|    learning_rate        | 0.0003     |
|    loss                 | 220        |
|    n_updates            | 4290       |
|    policy_gradient_loss | -0.0116    |
|    std                  | 0.941      |
|    value_loss           | 465        |
----------------------------------------
-----------------------------------------
| rollout/                |             |
|    ep_len_mean          | 100         |
|    ep_rew_mean          | 512         |
| time/                   |             |
|    fps                  | 458         |
|    iterations           | 431         |
|    time_elapsed         | 5773        |
|    total_timesteps      | 2648064     |
| train/                  |             |
|    approx_kl            | 0.005924994 |
|    clip_fraction        | 0.0173      |
|    clip_range           | 0.2         |
|    entropy_loss         | -23.1       |
|    explained_variance   | 0.952       |
|    learning_rate        | 0.0003      |
|    loss                 | 221         |
|    n_updates            | 4300        |
|    policy_gradient_loss | -0.00802    |
|    std                  | 0.94        |
|    value_loss           | 469         |
-----------------------------------------
-----------------------------------------
| rollout/                |             |
|    ep_len_mean          | 98.9        |
|    ep_rew_mean          | 507         |
| time/                   |             |
|    fps                  | 458         |
|    iterations           | 432         |
|    time_elapsed         | 5785        |
|    total_timesteps      | 2654208     |
| train/                  |             |
|    approx_kl            | 0.005000301 |
|    clip_fraction        | 0.0121      |
|    clip_range           | 0.2         |
|    entropy_loss         | -23.1       |
|    explained_variance   | 0.947       |
|    learning_rate        | 0.0003      |
|    loss                 | 223         |
|    n_updates            | 4310        |
|    policy_gradient_loss | -0.0071     |
|    std                  | 0.94        |
|    value_loss           | 471         |
-----------------------------------------
------------------------------------------
| rollout/                |              |
|    ep_len_mean          | 98.7         |
|    ep_rew_mean          | 516          |
| time/                   |              |
|    fps                  | 458          |
|    iterations           | 433          |
|    time_elapsed         | 5797         |
|    total_timesteps      | 2660352      |
| train/                  |              |
|    approx_kl            | 0.0045251544 |
|    clip_fraction        | 0.0102       |
|    clip_range           | 0.2          |
|    entropy_loss         | -23.1        |
|    explained_variance   | 0.949        |
|    learning_rate        | 0.0003       |
|    loss                 | 228          |
|    n_updates            | 4320         |
|    policy_gradient_loss | -0.00706     |
|    std                  | 0.94         |
|    value_loss           | 480          |
------------------------------------------
------------------------------------------
| rollout/                |              |
|    ep_len_mean          | 97.8         |
|    ep_rew_mean          | 507          |
| time/                   |              |
|    fps                  | 458          |
|    iterations           | 434          |
|    time_elapsed         | 5811         |
|    total_timesteps      | 2666496      |
| train/                  |              |
|    approx_kl            | 0.0071001365 |
|    clip_fraction        | 0.0201       |
|    clip_range           | 0.2          |
|    entropy_loss         | -23.1        |
|    explained_variance   | 0.947        |
|    learning_rate        | 0.0003       |
|    loss                 | 238          |
|    n_updates            | 4330         |
|    policy_gradient_loss | -0.0111      |
|    std                  | 0.94         |
|    value_loss           | 498          |
------------------------------------------
-----------------------------------------
| rollout/                |             |
|    ep_len_mean          | 97.3        |
|    ep_rew_mean          | 502         |
| time/                   |             |
|    fps                  | 458         |
|    iterations           | 435         |
|    time_elapsed         | 5824        |
|    total_timesteps      | 2672640     |
| train/                  |             |
|    approx_kl            | 0.007991453 |
|    clip_fraction        | 0.0262      |
|    clip_range           | 0.2         |
|    entropy_loss         | -23         |
|    explained_variance   | 0.954       |
|    learning_rate        | 0.0003      |
|    loss                 | 201         |
|    n_updates            | 4340        |
|    policy_gradient_loss | -0.00929    |
|    std                  | 0.94        |
|    value_loss           | 422         |
-----------------------------------------
-----------------------------------------
| rollout/                |             |
|    ep_len_mean          | 96.7        |
|    ep_rew_mean          | 499         |
| time/                   |             |
|    fps                  | 458         |
|    iterations           | 436         |
|    time_elapsed         | 5837        |
|    total_timesteps      | 2678784     |
| train/                  |             |
|    approx_kl            | 0.004905065 |
|    clip_fraction        | 0.0126      |
|    clip_range           | 0.2         |
|    entropy_loss         | -23         |
|    explained_variance   | 0.951       |
|    learning_rate        | 0.0003      |
|    loss                 | 196         |
|    n_updates            | 4350        |
|    policy_gradient_loss | -0.00598    |
|    std                  | 0.94        |
|    value_loss           | 422         |
-----------------------------------------
------------------------------------------
| rollout/                |              |
|    ep_len_mean          | 101          |
|    ep_rew_mean          | 522          |
| time/                   |              |
|    fps                  | 458          |
|    iterations           | 437          |
|    time_elapsed         | 5850         |
|    total_timesteps      | 2684928      |
| train/                  |              |
|    approx_kl            | 0.0036680922 |
|    clip_fraction        | 0.00723      |
|    clip_range           | 0.2          |
|    entropy_loss         | -23.1        |
|    explained_variance   | 0.951        |
|    learning_rate        | 0.0003       |
|    loss                 | 206          |
|    n_updates            | 4360         |
|    policy_gradient_loss | -0.00719     |
|    std                  | 0.94         |
|    value_loss           | 434          |
------------------------------------------
------------------------------------------
| rollout/                |              |
|    ep_len_mean          | 99.8         |
|    ep_rew_mean          | 518          |
| time/                   |              |
|    fps                  | 458          |
|    iterations           | 438          |
|    time_elapsed         | 5864         |
|    total_timesteps      | 2691072      |
| train/                  |              |
|    approx_kl            | 0.0049064546 |
|    clip_fraction        | 0.0115       |
|    clip_range           | 0.2          |
|    entropy_loss         | -23.1        |
|    explained_variance   | 0.948        |
|    learning_rate        | 0.0003       |
|    loss                 | 232          |
|    n_updates            | 4370         |
|    policy_gradient_loss | -0.00969     |
|    std                  | 0.94         |
|    value_loss           | 491          |
------------------------------------------
------------------------------------------
| rollout/                |              |
|    ep_len_mean          | 105          |
|    ep_rew_mean          | 540          |
| time/                   |              |
|    fps                  | 458          |
|    iterations           | 439          |
|    time_elapsed         | 5878         |
|    total_timesteps      | 2697216      |
| train/                  |              |
|    approx_kl            | 0.0044755177 |
|    clip_fraction        | 0.00955      |
|    clip_range           | 0.2          |
|    entropy_loss         | -23          |
|    explained_variance   | 0.945        |
|    learning_rate        | 0.0003       |
|    loss                 | 244          |
|    n_updates            | 4380         |
|    policy_gradient_loss | -0.00599     |
|    std                  | 0.94         |
|    value_loss           | 512          |
------------------------------------------
------------------------------------------
| rollout/                |              |
|    ep_len_mean          | 105          |
|    ep_rew_mean          | 543          |
| time/                   |              |
|    fps                  | 458          |
|    iterations           | 440          |
|    time_elapsed         | 5890         |
|    total_timesteps      | 2703360      |
| train/                  |              |
|    approx_kl            | 0.0057445765 |
|    clip_fraction        | 0.0159       |
|    clip_range           | 0.2          |
|    entropy_loss         | -23          |
|    explained_variance   | 0.945        |
|    learning_rate        | 0.0003       |
|    loss                 | 250          |
|    n_updates            | 4390         |
|    policy_gradient_loss | -0.00685     |
|    std                  | 0.94         |
|    value_loss           | 529          |
------------------------------------------
-----------------------------------------
| rollout/                |             |
|    ep_len_mean          | 101         |
|    ep_rew_mean          | 519         |
| time/                   |             |
|    fps                  | 458         |
|    iterations           | 441         |
|    time_elapsed         | 5904        |
|    total_timesteps      | 2709504     |
| train/                  |             |
|    approx_kl            | 0.005346371 |
|    clip_fraction        | 0.0133      |
|    clip_range           | 0.2         |
|    entropy_loss         | -23         |
|    explained_variance   | 0.946       |
|    learning_rate        | 0.0003      |
|    loss                 | 238         |
|    n_updates            | 4400        |
|    policy_gradient_loss | -0.00843    |
|    std                  | 0.94        |
|    value_loss           | 507         |
-----------------------------------------
------------------------------------------
| rollout/                |              |
|    ep_len_mean          | 100          |
|    ep_rew_mean          | 523          |
| time/                   |              |
|    fps                  | 458          |
|    iterations           | 442          |
|    time_elapsed         | 5917         |
|    total_timesteps      | 2715648      |
| train/                  |              |
|    approx_kl            | 0.0070635616 |
|    clip_fraction        | 0.0217       |
|    clip_range           | 0.2          |
|    entropy_loss         | -23          |
|    explained_variance   | 0.95         |
|    learning_rate        | 0.0003       |
|    loss                 | 221          |
|    n_updates            | 4410         |
|    policy_gradient_loss | -0.0101      |
|    std                  | 0.94         |
|    value_loss           | 462          |
------------------------------------------
-----------------------------------------
| rollout/                |             |
|    ep_len_mean          | 104         |
|    ep_rew_mean          | 536         |
| time/                   |             |
|    fps                  | 458         |
|    iterations           | 443         |
|    time_elapsed         | 5934        |
|    total_timesteps      | 2721792     |
| train/                  |             |
|    approx_kl            | 0.006345073 |
|    clip_fraction        | 0.0202      |
|    clip_range           | 0.2         |
|    entropy_loss         | -23         |
|    explained_variance   | 0.946       |
|    learning_rate        | 0.0003      |
|    loss                 | 255         |
|    n_updates            | 4420        |
|    policy_gradient_loss | -0.00774    |
|    std                  | 0.939       |
|    value_loss           | 530         |
-----------------------------------------
-----------------------------------------
| rollout/                |             |
|    ep_len_mean          | 106         |
|    ep_rew_mean          | 548         |
| time/                   |             |
|    fps                  | 458         |
|    iterations           | 444         |
|    time_elapsed         | 5947        |
|    total_timesteps      | 2727936     |
| train/                  |             |
|    approx_kl            | 0.008975902 |
|    clip_fraction        | 0.0308      |
|    clip_range           | 0.2         |
|    entropy_loss         | -23         |
|    explained_variance   | 0.951       |
|    learning_rate        | 0.0003      |
|    loss                 | 225         |
|    n_updates            | 4430        |
|    policy_gradient_loss | -0.0131     |
|    std                  | 0.939       |
|    value_loss           | 475         |
-----------------------------------------
-----------------------------------------
| rollout/                |             |
|    ep_len_mean          | 104         |
|    ep_rew_mean          | 532         |
| time/                   |             |
|    fps                  | 458         |
|    iterations           | 445         |
|    time_elapsed         | 5962        |
|    total_timesteps      | 2734080     |
| train/                  |             |
|    approx_kl            | 0.006422209 |
|    clip_fraction        | 0.0196      |
|    clip_range           | 0.2         |
|    entropy_loss         | -23         |
|    explained_variance   | 0.942       |
|    learning_rate        | 0.0003      |
|    loss                 | 260         |
|    n_updates            | 4440        |
|    policy_gradient_loss | -0.00858    |
|    std                  | 0.939       |
|    value_loss           | 554         |
-----------------------------------------
-----------------------------------------
| rollout/                |             |
|    ep_len_mean          | 105         |
|    ep_rew_mean          | 530         |
| time/                   |             |
|    fps                  | 458         |
|    iterations           | 446         |
|    time_elapsed         | 5976        |
|    total_timesteps      | 2740224     |
| train/                  |             |
|    approx_kl            | 0.004810227 |
|    clip_fraction        | 0.0104      |
|    clip_range           | 0.2         |
|    entropy_loss         | -23         |
|    explained_variance   | 0.946       |
|    learning_rate        | 0.0003      |
|    loss                 | 230         |
|    n_updates            | 4450        |
|    policy_gradient_loss | -0.00746    |
|    std                  | 0.939       |
|    value_loss           | 485         |
-----------------------------------------
------------------------------------------
| rollout/                |              |
|    ep_len_mean          | 104          |
|    ep_rew_mean          | 524          |
| time/                   |              |
|    fps                  | 458          |
|    iterations           | 447          |
|    time_elapsed         | 5990         |
|    total_timesteps      | 2746368      |
| train/                  |              |
|    approx_kl            | 0.0072777327 |
|    clip_fraction        | 0.0231       |
|    clip_range           | 0.2          |
|    entropy_loss         | -23          |
|    explained_variance   | 0.942        |
|    learning_rate        | 0.0003       |
|    loss                 | 257          |
|    n_updates            | 4460         |
|    policy_gradient_loss | -0.0111      |
|    std                  | 0.939        |
|    value_loss           | 547          |
------------------------------------------
-----------------------------------------
| rollout/                |             |
|    ep_len_mean          | 101         |
|    ep_rew_mean          | 516         |
| time/                   |             |
|    fps                  | 458         |
|    iterations           | 448         |
|    time_elapsed         | 6005        |
|    total_timesteps      | 2752512     |
| train/                  |             |
|    approx_kl            | 0.004759458 |
|    clip_fraction        | 0.0127      |
|    clip_range           | 0.2         |
|    entropy_loss         | -23         |
|    explained_variance   | 0.952       |
|    learning_rate        | 0.0003      |
|    loss                 | 208         |
|    n_updates            | 4470        |
|    policy_gradient_loss | -0.00654    |
|    std                  | 0.939       |
|    value_loss           | 437         |
-----------------------------------------
------------------------------------------
| rollout/                |              |
|    ep_len_mean          | 104          |
|    ep_rew_mean          | 524          |
| time/                   |              |
|    fps                  | 458          |
|    iterations           | 449          |
|    time_elapsed         | 6021         |
|    total_timesteps      | 2758656      |
| train/                  |              |
|    approx_kl            | 0.0044061835 |
|    clip_fraction        | 0.00877      |
|    clip_range           | 0.2          |
|    entropy_loss         | -23          |
|    explained_variance   | 0.947        |
|    learning_rate        | 0.0003       |
|    loss                 | 226          |
|    n_updates            | 4480         |
|    policy_gradient_loss | -0.00734     |
|    std                  | 0.938        |
|    value_loss           | 483          |
------------------------------------------
-----------------------------------------
| rollout/                |             |
|    ep_len_mean          | 105         |
|    ep_rew_mean          | 530         |
| time/                   |             |
|    fps                  | 458         |
|    iterations           | 450         |
|    time_elapsed         | 6035        |
|    total_timesteps      | 2764800     |
| train/                  |             |
|    approx_kl            | 0.004153972 |
|    clip_fraction        | 0.00967     |
|    clip_range           | 0.2         |
|    entropy_loss         | -23         |
|    explained_variance   | 0.945       |
|    learning_rate        | 0.0003      |
|    loss                 | 242         |
|    n_updates            | 4490        |
|    policy_gradient_loss | -0.0068     |
|    std                  | 0.938       |
|    value_loss           | 510         |
-----------------------------------------
-----------------------------------------
| rollout/                |             |
|    ep_len_mean          | 103         |
|    ep_rew_mean          | 523         |
| time/                   |             |
|    fps                  | 457         |
|    iterations           | 451         |
|    time_elapsed         | 6055        |
|    total_timesteps      | 2770944     |
| train/                  |             |
|    approx_kl            | 0.006003481 |
|    clip_fraction        | 0.0158      |
|    clip_range           | 0.2         |
|    entropy_loss         | -23         |
|    explained_variance   | 0.947       |
|    learning_rate        | 0.0003      |
|    loss                 | 238         |
|    n_updates            | 4500        |
|    policy_gradient_loss | -0.0105     |
|    std                  | 0.938       |
|    value_loss           | 506         |
-----------------------------------------
-----------------------------------------
| rollout/                |             |
|    ep_len_mean          | 102         |
|    ep_rew_mean          | 518         |
| time/                   |             |
|    fps                  | 457         |
|    iterations           | 452         |
|    time_elapsed         | 6070        |
|    total_timesteps      | 2777088     |
| train/                  |             |
|    approx_kl            | 0.006189959 |
|    clip_fraction        | 0.0191      |
|    clip_range           | 0.2         |
|    entropy_loss         | -23         |
|    explained_variance   | 0.947       |
|    learning_rate        | 0.0003      |
|    loss                 | 221         |
|    n_updates            | 4510        |
|    policy_gradient_loss | -0.00834    |
|    std                  | 0.938       |
|    value_loss           | 472         |
-----------------------------------------
-----------------------------------------
| rollout/                |             |
|    ep_len_mean          | 104         |
|    ep_rew_mean          | 525         |
| time/                   |             |
|    fps                  | 457         |
|    iterations           | 453         |
|    time_elapsed         | 6085        |
|    total_timesteps      | 2783232     |
| train/                  |             |
|    approx_kl            | 0.009341578 |
|    clip_fraction        | 0.0329      |
|    clip_range           | 0.2         |
|    entropy_loss         | -23         |
|    explained_variance   | 0.951       |
|    learning_rate        | 0.0003      |
|    loss                 | 212         |
|    n_updates            | 4520        |
|    policy_gradient_loss | -0.0127     |
|    std                  | 0.938       |
|    value_loss           | 448         |
-----------------------------------------
-----------------------------------------
| rollout/                |             |
|    ep_len_mean          | 104         |
|    ep_rew_mean          | 529         |
| time/                   |             |
|    fps                  | 457         |
|    iterations           | 454         |
|    time_elapsed         | 6099        |
|    total_timesteps      | 2789376     |
| train/                  |             |
|    approx_kl            | 0.008184483 |
|    clip_fraction        | 0.0306      |
|    clip_range           | 0.2         |
|    entropy_loss         | -23         |
|    explained_variance   | 0.943       |
|    learning_rate        | 0.0003      |
|    loss                 | 242         |
|    n_updates            | 4530        |
|    policy_gradient_loss | -0.0121     |
|    std                  | 0.937       |
|    value_loss           | 515         |
-----------------------------------------
------------------------------------------
| rollout/                |              |
|    ep_len_mean          | 104          |
|    ep_rew_mean          | 534          |
| time/                   |              |
|    fps                  | 457          |
|    iterations           | 455          |
|    time_elapsed         | 6115         |
|    total_timesteps      | 2795520      |
| train/                  |              |
|    approx_kl            | 0.0073456713 |
|    clip_fraction        | 0.0257       |
|    clip_range           | 0.2          |
|    entropy_loss         | -23          |
|    explained_variance   | 0.952        |
|    learning_rate        | 0.0003       |
|    loss                 | 203          |
|    n_updates            | 4540         |
|    policy_gradient_loss | -0.0101      |
|    std                  | 0.937        |
|    value_loss           | 439          |
------------------------------------------
------------------------------------------
| rollout/                |              |
|    ep_len_mean          | 108          |
|    ep_rew_mean          | 556          |
| time/                   |              |
|    fps                  | 456          |
|    iterations           | 456          |
|    time_elapsed         | 6131         |
|    total_timesteps      | 2801664      |
| train/                  |              |
|    approx_kl            | 0.0077890833 |
|    clip_fraction        | 0.0273       |
|    clip_range           | 0.2          |
|    entropy_loss         | -23          |
|    explained_variance   | 0.953        |
|    learning_rate        | 0.0003       |
|    loss                 | 228          |
|    n_updates            | 4550         |
|    policy_gradient_loss | -0.0111      |
|    std                  | 0.937        |
|    value_loss           | 476          |
------------------------------------------
------------------------------------------
| rollout/                |              |
|    ep_len_mean          | 104          |
|    ep_rew_mean          | 537          |
| time/                   |              |
|    fps                  | 456          |
|    iterations           | 457          |
|    time_elapsed         | 6146         |
|    total_timesteps      | 2807808      |
| train/                  |              |
|    approx_kl            | 0.0046739243 |
|    clip_fraction        | 0.0112       |
|    clip_range           | 0.2          |
|    entropy_loss         | -23          |
|    explained_variance   | 0.947        |
|    learning_rate        | 0.0003       |
|    loss                 | 246          |
|    n_updates            | 4560         |
|    policy_gradient_loss | -0.00693     |
|    std                  | 0.937        |
|    value_loss           | 517          |
------------------------------------------
-----------------------------------------
| rollout/                |             |
|    ep_len_mean          | 105         |
|    ep_rew_mean          | 545         |
| time/                   |             |
|    fps                  | 456         |
|    iterations           | 458         |
|    time_elapsed         | 6161        |
|    total_timesteps      | 2813952     |
| train/                  |             |
|    approx_kl            | 0.006171226 |
|    clip_fraction        | 0.0181      |
|    clip_range           | 0.2         |
|    entropy_loss         | -23         |
|    explained_variance   | 0.955       |
|    learning_rate        | 0.0003      |
|    loss                 | 220         |
|    n_updates            | 4570        |
|    policy_gradient_loss | -0.00978    |
|    std                  | 0.937       |
|    value_loss           | 460         |
-----------------------------------------
-----------------------------------------
| rollout/                |             |
|    ep_len_mean          | 104         |
|    ep_rew_mean          | 533         |
| time/                   |             |
|    fps                  | 456         |
|    iterations           | 459         |
|    time_elapsed         | 6179        |
|    total_timesteps      | 2820096     |
| train/                  |             |
|    approx_kl            | 0.007576093 |
|    clip_fraction        | 0.0245      |
|    clip_range           | 0.2         |
|    entropy_loss         | -23         |
|    explained_variance   | 0.95        |
|    learning_rate        | 0.0003      |
|    loss                 | 230         |
|    n_updates            | 4580        |
|    policy_gradient_loss | -0.0104     |
|    std                  | 0.936       |
|    value_loss           | 484         |
-----------------------------------------
-----------------------------------------
| rollout/                |             |
|    ep_len_mean          | 101         |
|    ep_rew_mean          | 523         |
| time/                   |             |
|    fps                  | 456         |
|    iterations           | 460         |
|    time_elapsed         | 6195        |
|    total_timesteps      | 2826240     |
| train/                  |             |
|    approx_kl            | 0.006459542 |
|    clip_fraction        | 0.0223      |
|    clip_range           | 0.2         |
|    entropy_loss         | -23         |
|    explained_variance   | 0.953       |
|    learning_rate        | 0.0003      |
|    loss                 | 202         |
|    n_updates            | 4590        |
|    policy_gradient_loss | -0.00981    |
|    std                  | 0.936       |
|    value_loss           | 427         |
-----------------------------------------
-----------------------------------------
| rollout/                |             |
|    ep_len_mean          | 99.7        |
|    ep_rew_mean          | 515         |
| time/                   |             |
|    fps                  | 456         |
|    iterations           | 461         |
|    time_elapsed         | 6210        |
|    total_timesteps      | 2832384     |
| train/                  |             |
|    approx_kl            | 0.004701721 |
|    clip_fraction        | 0.0122      |
|    clip_range           | 0.2         |
|    entropy_loss         | -23         |
|    explained_variance   | 0.954       |
|    learning_rate        | 0.0003      |
|    loss                 | 215         |
|    n_updates            | 4600        |
|    policy_gradient_loss | -0.00826    |
|    std                  | 0.936       |
|    value_loss           | 451         |
-----------------------------------------
-----------------------------------------
| rollout/                |             |
|    ep_len_mean          | 101         |
|    ep_rew_mean          | 519         |
| time/                   |             |
|    fps                  | 455         |
|    iterations           | 462         |
|    time_elapsed         | 6227        |
|    total_timesteps      | 2838528     |
| train/                  |             |
|    approx_kl            | 0.009015572 |
|    clip_fraction        | 0.0314      |
|    clip_range           | 0.2         |
|    entropy_loss         | -23         |
|    explained_variance   | 0.954       |
|    learning_rate        | 0.0003      |
|    loss                 | 195         |
|    n_updates            | 4610        |
|    policy_gradient_loss | -0.0124     |
|    std                  | 0.936       |
|    value_loss           | 415         |
-----------------------------------------
------------------------------------------
| rollout/                |              |
|    ep_len_mean          | 104          |
|    ep_rew_mean          | 536          |
| time/                   |              |
|    fps                  | 455          |
|    iterations           | 463          |
|    time_elapsed         | 6242         |
|    total_timesteps      | 2844672      |
| train/                  |              |
|    approx_kl            | 0.0066289124 |
|    clip_fraction        | 0.0215       |
|    clip_range           | 0.2          |
|    entropy_loss         | -23          |
|    explained_variance   | 0.954        |
|    learning_rate        | 0.0003       |
|    loss                 | 216          |
|    n_updates            | 4620         |
|    policy_gradient_loss | -0.00906     |
|    std                  | 0.936        |
|    value_loss           | 451          |
------------------------------------------
------------------------------------------
| rollout/                |              |
|    ep_len_mean          | 103          |
|    ep_rew_mean          | 528          |
| time/                   |              |
|    fps                  | 455          |
|    iterations           | 464          |
|    time_elapsed         | 6258         |
|    total_timesteps      | 2850816      |
| train/                  |              |
|    approx_kl            | 0.0035496252 |
|    clip_fraction        | 0.00612      |
|    clip_range           | 0.2          |
|    entropy_loss         | -23          |
|    explained_variance   | 0.946        |
|    learning_rate        | 0.0003       |
|    loss                 | 225          |
|    n_updates            | 4630         |
|    policy_gradient_loss | -0.00547     |
|    std                  | 0.936        |
|    value_loss           | 480          |
------------------------------------------
------------------------------------------
| rollout/                |              |
|    ep_len_mean          | 99.1         |
|    ep_rew_mean          | 512          |
| time/                   |              |
|    fps                  | 455          |
|    iterations           | 465          |
|    time_elapsed         | 6273         |
|    total_timesteps      | 2856960      |
| train/                  |              |
|    approx_kl            | 0.0036601173 |
|    clip_fraction        | 0.00697      |
|    clip_range           | 0.2          |
|    entropy_loss         | -23          |
|    explained_variance   | 0.956        |
|    learning_rate        | 0.0003       |
|    loss                 | 183          |
|    n_updates            | 4640         |
|    policy_gradient_loss | -0.00735     |
|    std                  | 0.936        |
|    value_loss           | 386          |
------------------------------------------
-----------------------------------------
| rollout/                |             |
|    ep_len_mean          | 101         |
|    ep_rew_mean          | 521         |
| time/                   |             |
|    fps                  | 455         |
|    iterations           | 466         |
|    time_elapsed         | 6290        |
|    total_timesteps      | 2863104     |
| train/                  |             |
|    approx_kl            | 0.006991549 |
|    clip_fraction        | 0.0216      |
|    clip_range           | 0.2         |
|    entropy_loss         | -23         |
|    explained_variance   | 0.953       |
|    learning_rate        | 0.0003      |
|    loss                 | 199         |
|    n_updates            | 4650        |
|    policy_gradient_loss | -0.0104     |
|    std                  | 0.936       |
|    value_loss           | 419         |
-----------------------------------------
-----------------------------------------
| rollout/                |             |
|    ep_len_mean          | 97.6        |
|    ep_rew_mean          | 505         |
| time/                   |             |
|    fps                  | 454         |
|    iterations           | 467         |
|    time_elapsed         | 6306        |
|    total_timesteps      | 2869248     |
| train/                  |             |
|    approx_kl            | 0.006700283 |
|    clip_fraction        | 0.0226      |
|    clip_range           | 0.2         |
|    entropy_loss         | -23         |
|    explained_variance   | 0.955       |
|    learning_rate        | 0.0003      |
|    loss                 | 194         |
|    n_updates            | 4660        |
|    policy_gradient_loss | -0.0103     |
|    std                  | 0.936       |
|    value_loss           | 414         |
-----------------------------------------
------------------------------------------
| rollout/                |              |
|    ep_len_mean          | 98.5         |
|    ep_rew_mean          | 513          |
| time/                   |              |
|    fps                  | 454          |
|    iterations           | 468          |
|    time_elapsed         | 6321         |
|    total_timesteps      | 2875392      |
| train/                  |              |
|    approx_kl            | 0.0060066804 |
|    clip_fraction        | 0.0191       |
|    clip_range           | 0.2          |
|    entropy_loss         | -23          |
|    explained_variance   | 0.96         |
|    learning_rate        | 0.0003       |
|    loss                 | 169          |
|    n_updates            | 4670         |
|    policy_gradient_loss | -0.009       |
|    std                  | 0.936        |
|    value_loss           | 355          |
------------------------------------------
------------------------------------------
| rollout/                |              |
|    ep_len_mean          | 99.8         |
|    ep_rew_mean          | 523          |
| time/                   |              |
|    fps                  | 454          |
|    iterations           | 469          |
|    time_elapsed         | 6336         |
|    total_timesteps      | 2881536      |
| train/                  |              |
|    approx_kl            | 0.0075677284 |
|    clip_fraction        | 0.026        |
|    clip_range           | 0.2          |
|    entropy_loss         | -23          |
|    explained_variance   | 0.956        |
|    learning_rate        | 0.0003       |
|    loss                 | 188          |
|    n_updates            | 4680         |
|    policy_gradient_loss | -0.0111      |
|    std                  | 0.936        |
|    value_loss           | 402          |
------------------------------------------
----------------------------------------
| rollout/                |            |
|    ep_len_mean          | 103        |
|    ep_rew_mean          | 524        |
| time/                   |            |
|    fps                  | 454        |
|    iterations           | 470        |
|    time_elapsed         | 6355       |
|    total_timesteps      | 2887680    |
| train/                  |            |
|    approx_kl            | 0.00804497 |
|    clip_fraction        | 0.0286     |
|    clip_range           | 0.2        |
|    entropy_loss         | -23        |
|    explained_variance   | 0.956      |
|    learning_rate        | 0.0003     |
|    loss                 | 202        |
|    n_updates            | 4690       |
|    policy_gradient_loss | -0.011     |
|    std                  | 0.936      |
|    value_loss           | 423        |
----------------------------------------
------------------------------------------
| rollout/                |              |
|    ep_len_mean          | 102          |
|    ep_rew_mean          | 508          |
| time/                   |              |
|    fps                  | 454          |
|    iterations           | 471          |
|    time_elapsed         | 6369         |
|    total_timesteps      | 2893824      |
| train/                  |              |
|    approx_kl            | 0.0053698644 |
|    clip_fraction        | 0.0148       |
|    clip_range           | 0.2          |
|    entropy_loss         | -23          |
|    explained_variance   | 0.956        |
|    learning_rate        | 0.0003       |
|    loss                 | 184          |
|    n_updates            | 4700         |
|    policy_gradient_loss | -0.00851     |
|    std                  | 0.935        |
|    value_loss           | 398          |
------------------------------------------
------------------------------------------
| rollout/                |              |
|    ep_len_mean          | 101          |
|    ep_rew_mean          | 516          |
| time/                   |              |
|    fps                  | 454          |
|    iterations           | 472          |
|    time_elapsed         | 6382         |
|    total_timesteps      | 2899968      |
| train/                  |              |
|    approx_kl            | 0.0060966336 |
|    clip_fraction        | 0.0183       |
|    clip_range           | 0.2          |
|    entropy_loss         | -23          |
|    explained_variance   | 0.952        |
|    learning_rate        | 0.0003       |
|    loss                 | 196          |
|    n_updates            | 4710         |
|    policy_gradient_loss | -0.00929     |
|    std                  | 0.935        |
|    value_loss           | 422          |
------------------------------------------
-----------------------------------------
| rollout/                |             |
|    ep_len_mean          | 99.7        |
|    ep_rew_mean          | 512         |
| time/                   |             |
|    fps                  | 454         |
|    iterations           | 473         |
|    time_elapsed         | 6396        |
|    total_timesteps      | 2906112     |
| train/                  |             |
|    approx_kl            | 0.005676847 |
|    clip_fraction        | 0.0152      |
|    clip_range           | 0.2         |
|    entropy_loss         | -23         |
|    explained_variance   | 0.96        |
|    learning_rate        | 0.0003      |
|    loss                 | 175         |
|    n_updates            | 4720        |
|    policy_gradient_loss | -0.00733    |
|    std                  | 0.935       |
|    value_loss           | 370         |
-----------------------------------------
------------------------------------------
| rollout/                |              |
|    ep_len_mean          | 100          |
|    ep_rew_mean          | 515          |
| time/                   |              |
|    fps                  | 454          |
|    iterations           | 474          |
|    time_elapsed         | 6412         |
|    total_timesteps      | 2912256      |
| train/                  |              |
|    approx_kl            | 0.0054929587 |
|    clip_fraction        | 0.0156       |
|    clip_range           | 0.2          |
|    entropy_loss         | -23          |
|    explained_variance   | 0.957        |
|    learning_rate        | 0.0003       |
|    loss                 | 180          |
|    n_updates            | 4730         |
|    policy_gradient_loss | -0.00958     |
|    std                  | 0.935        |
|    value_loss           | 381          |
------------------------------------------
-----------------------------------------
| rollout/                |             |
|    ep_len_mean          | 105         |
|    ep_rew_mean          | 536         |
| time/                   |             |
|    fps                  | 454         |
|    iterations           | 475         |
|    time_elapsed         | 6426        |
|    total_timesteps      | 2918400     |
| train/                  |             |
|    approx_kl            | 0.006789597 |
|    clip_fraction        | 0.0194      |
|    clip_range           | 0.2         |
|    entropy_loss         | -23         |
|    explained_variance   | 0.956       |
|    learning_rate        | 0.0003      |
|    loss                 | 195         |
|    n_updates            | 4740        |
|    policy_gradient_loss | -0.00863    |
|    std                  | 0.935       |
|    value_loss           | 412         |
-----------------------------------------
-----------------------------------------
| rollout/                |             |
|    ep_len_mean          | 102         |
|    ep_rew_mean          | 532         |
| time/                   |             |
|    fps                  | 454         |
|    iterations           | 476         |
|    time_elapsed         | 6438        |
|    total_timesteps      | 2924544     |
| train/                  |             |
|    approx_kl            | 0.005190372 |
|    clip_fraction        | 0.016       |
|    clip_range           | 0.2         |
|    entropy_loss         | -23         |
|    explained_variance   | 0.951       |
|    learning_rate        | 0.0003      |
|    loss                 | 219         |
|    n_updates            | 4750        |
|    policy_gradient_loss | -0.00685    |
|    std                  | 0.935       |
|    value_loss           | 469         |
-----------------------------------------
-----------------------------------------
| rollout/                |             |
|    ep_len_mean          | 104         |
|    ep_rew_mean          | 539         |
| time/                   |             |
|    fps                  | 454         |
|    iterations           | 477         |
|    time_elapsed         | 6450        |
|    total_timesteps      | 2930688     |
| train/                  |             |
|    approx_kl            | 0.008739187 |
|    clip_fraction        | 0.029       |
|    clip_range           | 0.2         |
|    entropy_loss         | -23         |
|    explained_variance   | 0.954       |
|    learning_rate        | 0.0003      |
|    loss                 | 194         |
|    n_updates            | 4760        |
|    policy_gradient_loss | -0.0125     |
|    std                  | 0.935       |
|    value_loss           | 410         |
-----------------------------------------
-----------------------------------------
| rollout/                |             |
|    ep_len_mean          | 106         |
|    ep_rew_mean          | 542         |
| time/                   |             |
|    fps                  | 454         |
|    iterations           | 478         |
|    time_elapsed         | 6463        |
|    total_timesteps      | 2936832     |
| train/                  |             |
|    approx_kl            | 0.007887693 |
|    clip_fraction        | 0.0271      |
|    clip_range           | 0.2         |
|    entropy_loss         | -23         |
|    explained_variance   | 0.95        |
|    learning_rate        | 0.0003      |
|    loss                 | 221         |
|    n_updates            | 4770        |
|    policy_gradient_loss | -0.00976    |
|    std                  | 0.935       |
|    value_loss           | 472         |
-----------------------------------------
-----------------------------------------
| rollout/                |             |
|    ep_len_mean          | 103         |
|    ep_rew_mean          | 526         |
| time/                   |             |
|    fps                  | 454         |
|    iterations           | 479         |
|    time_elapsed         | 6476        |
|    total_timesteps      | 2942976     |
| train/                  |             |
|    approx_kl            | 0.005926968 |
|    clip_fraction        | 0.0163      |
|    clip_range           | 0.2         |
|    entropy_loss         | -22.9       |
|    explained_variance   | 0.951       |
|    learning_rate        | 0.0003      |
|    loss                 | 217         |
|    n_updates            | 4780        |
|    policy_gradient_loss | -0.00858    |
|    std                  | 0.935       |
|    value_loss           | 465         |
-----------------------------------------
----------------------------------------
| rollout/                |            |
|    ep_len_mean          | 104        |
|    ep_rew_mean          | 530        |
| time/                   |            |
|    fps                  | 454        |
|    iterations           | 480        |
|    time_elapsed         | 6487       |
|    total_timesteps      | 2949120    |
| train/                  |            |
|    approx_kl            | 0.00491264 |
|    clip_fraction        | 0.0111     |
|    clip_range           | 0.2        |
|    entropy_loss         | -22.9      |
|    explained_variance   | 0.954      |
|    learning_rate        | 0.0003     |
|    loss                 | 188        |
|    n_updates            | 4790       |
|    policy_gradient_loss | -0.00919   |
|    std                  | 0.934      |
|    value_loss           | 403        |
----------------------------------------
-----------------------------------------
| rollout/                |             |
|    ep_len_mean          | 107         |
|    ep_rew_mean          | 545         |
| time/                   |             |
|    fps                  | 454         |
|    iterations           | 481         |
|    time_elapsed         | 6501        |
|    total_timesteps      | 2955264     |
| train/                  |             |
|    approx_kl            | 0.008979906 |
|    clip_fraction        | 0.0335      |
|    clip_range           | 0.2         |
|    entropy_loss         | -22.9       |
|    explained_variance   | 0.956       |
|    learning_rate        | 0.0003      |
|    loss                 | 199         |
|    n_updates            | 4800        |
|    policy_gradient_loss | -0.0129     |
|    std                  | 0.934       |
|    value_loss           | 424         |
-----------------------------------------
------------------------------------------
| rollout/                |              |
|    ep_len_mean          | 106          |
|    ep_rew_mean          | 546          |
| time/                   |              |
|    fps                  | 454          |
|    iterations           | 482          |
|    time_elapsed         | 6513         |
|    total_timesteps      | 2961408      |
| train/                  |              |
|    approx_kl            | 0.0064201932 |
|    clip_fraction        | 0.021        |
|    clip_range           | 0.2          |
|    entropy_loss         | -22.9        |
|    explained_variance   | 0.949        |
|    learning_rate        | 0.0003       |
|    loss                 | 229          |
|    n_updates            | 4810         |
|    policy_gradient_loss | -0.00878     |
|    std                  | 0.934        |
|    value_loss           | 485          |
------------------------------------------
-----------------------------------------
| rollout/                |             |
|    ep_len_mean          | 102         |
|    ep_rew_mean          | 527         |
| time/                   |             |
|    fps                  | 454         |
|    iterations           | 483         |
|    time_elapsed         | 6526        |
|    total_timesteps      | 2967552     |
| train/                  |             |
|    approx_kl            | 0.006831885 |
|    clip_fraction        | 0.0217      |
|    clip_range           | 0.2         |
|    entropy_loss         | -22.9       |
|    explained_variance   | 0.956       |
|    learning_rate        | 0.0003      |
|    loss                 | 195         |
|    n_updates            | 4820        |
|    policy_gradient_loss | -0.00978    |
|    std                  | 0.934       |
|    value_loss           | 417         |
-----------------------------------------
------------------------------------------
| rollout/                |              |
|    ep_len_mean          | 100          |
|    ep_rew_mean          | 519          |
| time/                   |              |
|    fps                  | 454          |
|    iterations           | 484          |
|    time_elapsed         | 6539         |
|    total_timesteps      | 2973696      |
| train/                  |              |
|    approx_kl            | 0.0053145573 |
|    clip_fraction        | 0.0156       |
|    clip_range           | 0.2          |
|    entropy_loss         | -22.9        |
|    explained_variance   | 0.953        |
|    learning_rate        | 0.0003       |
|    loss                 | 200          |
|    n_updates            | 4830         |
|    policy_gradient_loss | -0.00644     |
|    std                  | 0.934        |
|    value_loss           | 427          |
------------------------------------------
-----------------------------------------
| rollout/                |             |
|    ep_len_mean          | 105         |
|    ep_rew_mean          | 546         |
| time/                   |             |
|    fps                  | 454         |
|    iterations           | 485         |
|    time_elapsed         | 6552        |
|    total_timesteps      | 2979840     |
| train/                  |             |
|    approx_kl            | 0.008096225 |
|    clip_fraction        | 0.0256      |
|    clip_range           | 0.2         |
|    entropy_loss         | -22.9       |
|    explained_variance   | 0.949       |
|    learning_rate        | 0.0003      |
|    loss                 | 217         |
|    n_updates            | 4840        |
|    policy_gradient_loss | -0.0114     |
|    std                  | 0.934       |
|    value_loss           | 464         |
-----------------------------------------
-----------------------------------------
| rollout/                |             |
|    ep_len_mean          | 104         |
|    ep_rew_mean          | 532         |
| time/                   |             |
|    fps                  | 454         |
|    iterations           | 486         |
|    time_elapsed         | 6565        |
|    total_timesteps      | 2985984     |
| train/                  |             |
|    approx_kl            | 0.005747145 |
|    clip_fraction        | 0.017       |
|    clip_range           | 0.2         |
|    entropy_loss         | -22.9       |
|    explained_variance   | 0.953       |
|    learning_rate        | 0.0003      |
|    loss                 | 213         |
|    n_updates            | 4850        |
|    policy_gradient_loss | -0.00718    |
|    std                  | 0.934       |
|    value_loss           | 453         |
-----------------------------------------
------------------------------------------
| rollout/                |              |
|    ep_len_mean          | 104          |
|    ep_rew_mean          | 533          |
| time/                   |              |
|    fps                  | 454          |
|    iterations           | 487          |
|    time_elapsed         | 6577         |
|    total_timesteps      | 2992128      |
| train/                  |              |
|    approx_kl            | 0.0053698067 |
|    clip_fraction        | 0.0132       |
|    clip_range           | 0.2          |
|    entropy_loss         | -22.9        |
|    explained_variance   | 0.953        |
|    learning_rate        | 0.0003       |
|    loss                 | 195          |
|    n_updates            | 4860         |
|    policy_gradient_loss | -0.00934     |
|    std                  | 0.934        |
|    value_loss           | 421          |
------------------------------------------
------------------------------------------
| rollout/                |              |
|    ep_len_mean          | 103          |
|    ep_rew_mean          | 531          |
| time/                   |              |
|    fps                  | 455          |
|    iterations           | 488          |
|    time_elapsed         | 6589         |
|    total_timesteps      | 2998272      |
| train/                  |              |
|    approx_kl            | 0.0057533868 |
|    clip_fraction        | 0.0147       |
|    clip_range           | 0.2          |
|    entropy_loss         | -22.9        |
|    explained_variance   | 0.948        |
|    learning_rate        | 0.0003       |
|    loss                 | 230          |
|    n_updates            | 4870         |
|    policy_gradient_loss | -0.00742     |
|    std                  | 0.933        |
|    value_loss           | 491          |
------------------------------------------
-----------------------------------------
| rollout/                |             |
|    ep_len_mean          | 101         |
|    ep_rew_mean          | 519         |
| time/                   |             |
|    fps                  | 455         |
|    iterations           | 489         |
|    time_elapsed         | 6601        |
|    total_timesteps      | 3004416     |
| train/                  |             |
|    approx_kl            | 0.005058184 |
|    clip_fraction        | 0.014       |
|    clip_range           | 0.2         |
|    entropy_loss         | -22.9       |
|    explained_variance   | 0.953       |
|    learning_rate        | 0.0003      |
|    loss                 | 191         |
|    n_updates            | 4880        |
|    policy_gradient_loss | -0.00646    |
|    std                  | 0.933       |
|    value_loss           | 405         |
-----------------------------------------
saved models/balance_ppo2.zip
